Workbook

Sheet Personel
A1: KimlikNo | B1: AdSoyad | C1: DogumYeri | D1: DogumTarihi | E1: HizmetSinifi | F1: KadroUnvani | G1: GorevYeri | H1: KurumSicilNo | I1: MemuriyeteBaslamaTarihi | J1: CepTelefonu | K1: Eposta | L1: MezunOlunanOkul | M1: MezunOlunanFakulte | N1: MezuniyetTarihi | O1: DiplomaNo | P1: MezunOlunanOkul2 | Q1: MezunOlunanFakulte2 | R1: MezuniyetTarihi2 | S1: DiplomaNo2 | T1: Resim | U1: Diploma1 | V1: Diploma2 | W1: OzlukDosyasi | X1: Durum | Y1: AyrilisTarihi | Z1: AyrilmaNedeni | AA1: MuayeneTarihi | AB1: Sonuc | AC1: sync_status | AD1: updated_at
A2: 30616959560 | B2: Abdullah Onur Kılıç | C2: =VLOOKUP(Personel!A2,denem!A:AC,8,0) -> #N/A | D2: =VLOOKUP(Personel!A2,denem!A:AC,9,0) -> #N/A | F2: Araştırma Görevlisi (Kurum Dışı) | H2: #N/A | I2: #N/A | K2: #N/A | L2: =PROPER(VLOOKUP(Personel!A2,denem!A:AC,10,0)) -> #N/A | M2: =PROPER(VLOOKUP(Personel!A2,denem!A:AC,11,0)) -> #N/A | N2: =VLOOKUP(Personel!A2,denem!A:AC,12,0) -> #N/A | O2: =PROPER(VLOOKUP(Personel!A2,denem!A:AC,13,0)) -> #N/A | X2: Aktif | AC2: clean
A3: 18199300764 | B3: Abdurrahman Avcıoğlu | C3: =VLOOKUP(Personel!A3,denem!A:AC,8,0) -> Afyonkarahisar | D3: =VLOOKUP(Personel!A3,denem!A:AC,9,0) -> 35661 | F3: Araştırma Görevlisi (Kurum Dışı) | H3: #N/A | I3: #N/A | K3: aavcioglu97@gmail.com | L3: =PROPER(VLOOKUP(Personel!A3,denem!A:AC,10,0)) -> İstanbul Üniversitesi | M3: =PROPER(VLOOKUP(Personel!A3,denem!A:AC,11,0)) -> Cerrahpaşa Tıp Fakültesi | N3: =VLOOKUP(Personel!A3,denem!A:AC,12,0) -> 44554 | O3: =PROPER(VLOOKUP(Personel!A3,denem!A:AC,13,0)) -> 244963 | X3: Aktif | AC3: clean
A4: 27274354172 | B4: Abidin Önder Dönmez | C4: =VLOOKUP(Personel!A4,denem!A:AC,8,0) -> Yeşilova | D4: =VLOOKUP(Personel!A4,denem!A:AC,9,0) -> 26299 | F4: Sağlık Teknikeri | H4: 4209-5297 | I4: 34701 | K4: onderdonmez15@gmail.com | L4: =PROPER(VLOOKUP(Personel!A4,denem!A:AC,10,0)) -> İst. Üni. | M4: =PROPER(VLOOKUP(Personel!A4,denem!A:AC,11,0)) -> Sağ. Hiz. Mes. Yo Radyoloji Bölümü | N4: =VLOOKUP(Personel!A4,denem!A:AC,12,0) -> 34684 | O4: =PROPER(VLOOKUP(Personel!A4,denem!A:AC,13,0)) -> 185 | X4: Aktif | AC4: clean
A5: 18632783390 | B5: Ahmet Bayrak | C5: =VLOOKUP(Personel!A5,denem!A:AC,8,0) -> #N/A | D5: =VLOOKUP(Personel!A5,denem!A:AC,9,0) -> #N/A | F5: Diğer Personel (Ş) | H5: #N/A | I5: #N/A | K5: #N/A | L5: =PROPER(VLOOKUP(Personel!A5,denem!A:AC,10,0)) -> #N/A | M5: =PROPER(VLOOKUP(Personel!A5,denem!A:AC,11,0)) -> #N/A | N5: =VLOOKUP(Personel!A5,denem!A:AC,12,0) -> #N/A | O5: =PROPER(VLOOKUP(Personel!A5,denem!A:AC,13,0)) -> #N/A | X5: Aktif | AC5: clean
A6: 19645682168 | B6: Ahmet Yılmaz | C6: =VLOOKUP(Personel!A6,denem!A:AC,8,0) -> Kaldırımbaşı | D6: =VLOOKUP(Personel!A6,denem!A:AC,9,0) -> 26055 | F6: Laborant | H6: 4149-7113 | I6: 35100 | K6: ahmetyilmazin@gmail.com | L6: =PROPER(VLOOKUP(Personel!A6,denem!A:AC,10,0)) -> İstanbul Üniversitesi | M6: =PROPER(VLOOKUP(Personel!A6,denem!A:AC,11,0)) -> Sağ. Hiz. Mes. Yo Radyoloji Bölümü | N6: =VLOOKUP(Personel!A6,denem!A:AC,12,0) -> 34942 | O6: =PROPER(VLOOKUP(Personel!A6,denem!A:AC,13,0)) -> 241 | X6: Aktif | AC6: clean
A7: 22028017990 | B7: Alperen Kantarcılar | C7: =VLOOKUP(Personel!A7,denem!A:AC,8,0) -> #N/A | D7: =VLOOKUP(Personel!A7,denem!A:AC,9,0) -> #N/A | F7: Hastabakıcı | H7: #N/A | I7: #N/A | K7: #N/A | L7: =PROPER(VLOOKUP(Personel!A7,denem!A:AC,10,0)) -> #N/A | M7: =PROPER(VLOOKUP(Personel!A7,denem!A:AC,11,0)) -> #N/A | N7: =VLOOKUP(Personel!A7,denem!A:AC,12,0) -> #N/A | O7: =PROPER(VLOOKUP(Personel!A7,denem!A:AC,13,0)) -> #N/A | X7: Aktif | AC7: clean
A8: 30872319092 | B8: Arife Tanrıverdi | C8: =VLOOKUP(Personel!A8,denem!A:AC,8,0) -> #N/A | D8: =VLOOKUP(Personel!A8,denem!A:AC,9,0) -> #N/A | F8: Bilgisayar İşletmeni | H8: #N/A | I8: #N/A | K8: #N/A | L8: =PROPER(VLOOKUP(Personel!A8,denem!A:AC,10,0)) -> #N/A | M8: =PROPER(VLOOKUP(Personel!A8,denem!A:AC,11,0)) -> #N/A | N8: =VLOOKUP(Personel!A8,denem!A:AC,12,0) -> #N/A | O8: =PROPER(VLOOKUP(Personel!A8,denem!A:AC,13,0)) -> #N/A | X8: Aktif | AC8: clean
A9: 31621815018 | B9: Artür Salmaslıoğlu | C9: =VLOOKUP(Personel!A9,denem!A:AC,8,0) -> İstanbul | D9: =VLOOKUP(Personel!A9,denem!A:AC,9,0) -> 28024 | F9: Profesör | H9: #N/A | I9: #N/A | K9: asalmaslioglu@gmail.com | L9: =PROPER(VLOOKUP(Personel!A9,denem!A:AC,10,0)) -> İstanbul Üniversitesi | M9: =PROPER(VLOOKUP(Personel!A9,denem!A:AC,11,0)) -> İstanbul Tıp Fakültesi | N9: =VLOOKUP(Personel!A9,denem!A:AC,12,0) -> 37043 | O9: =PROPER(VLOOKUP(Personel!A9,denem!A:AC,13,0)) -> 24838-28306 | X9: Aktif | AC9: clean
A10: 25364482644 | B10: Arzu Çelik | C10: =VLOOKUP(Personel!A10,denem!A:AC,8,0) -> Samsun | D10: =VLOOKUP(Personel!A10,denem!A:AC,9,0) -> 32686 | F10: Sağlık Teknikeri | H10: 4209-7299 | I10: 41562 | K10: arzuozercelik@gmail.com | L10: =PROPER(VLOOKUP(Personel!A10,denem!A:AC,10,0)) -> İstanbul Üniversitesi | M10: =PROPER(VLOOKUP(Personel!A10,denem!A:AC,11,0)) -> Sağ. Hiz. Mes. Yo Radyoloji Bölümü | N10: =VLOOKUP(Personel!A10,denem!A:AC,12,0) -> 40164 | O10: =PROPER(VLOOKUP(Personel!A10,denem!A:AC,13,0)) -> 1903 | X10: Aktif | AC10: clean
A11: 41281522522 | B11: Arzu Poyanlı | C11: =VLOOKUP(Personel!A11,denem!A:AC,8,0) -> 0 | D11: =VLOOKUP(Personel!A11,denem!A:AC,9,0) -> 26055 | F11: Profesör | H11: #N/A | I11: #N/A | K11: arzupoyanli@yahoo.com | L11: =PROPER(VLOOKUP(Personel!A11,denem!A:AC,10,0)) -> İstanbul Üniversitesi | M11: =PROPER(VLOOKUP(Personel!A11,denem!A:AC,11,0)) -> İstanbul Tıp Fakültesi | N11: =VLOOKUP(Personel!A11,denem!A:AC,12,0) -> 34180 | O11: =PROPER(VLOOKUP(Personel!A11,denem!A:AC,13,0)) -> 21852/25320 | X11: Aktif | AC11: clean
A12: 21521659898 | B12: Arzu Şahin | C12: =VLOOKUP(Personel!A12,denem!A:AC,8,0) -> Tokat | D12: =VLOOKUP(Personel!A12,denem!A:AC,9,0) -> 30109 | F12: Sağlık Teknikeri | H12: 4209-7346 | I12: 41562 | K12: elifarzu.1982@gmail.com | L12: =PROPER(VLOOKUP(Personel!A12,denem!A:AC,10,0)) -> Ankara Üniversitesi | M12: =PROPER(VLOOKUP(Personel!A12,denem!A:AC,11,0)) -> Sağ. Hiz. Mes. Yo Radyoloji Bölümü | N12: =VLOOKUP(Personel!A12,denem!A:AC,12,0) -> 37476 | O12: =PROPER(VLOOKUP(Personel!A12,denem!A:AC,13,0)) -> 1933 | X12: Aktif | AC12: clean
A13: 21521169366 | B13: Arzu Burcu Yılmaz | C13: =VLOOKUP(Personel!A13,denem!A:AC,8,0) -> #N/A | D13: =VLOOKUP(Personel!A13,denem!A:AC,9,0) -> #N/A | F13: Diğer Personel (Ş) | H13: #N/A | I13: #N/A | K13: #N/A | L13: =PROPER(VLOOKUP(Personel!A13,denem!A:AC,10,0)) -> #N/A | M13: =PROPER(VLOOKUP(Personel!A13,denem!A:AC,11,0)) -> #N/A | N13: =VLOOKUP(Personel!A13,denem!A:AC,12,0) -> #N/A | O13: =PROPER(VLOOKUP(Personel!A13,denem!A:AC,13,0)) -> #N/A | X13: Aktif | AC13: clean
A14: 38554317466 | B14: Atadan Tunacı | C14: =VLOOKUP(Personel!A14,denem!A:AC,8,0) -> 0 | D14: =VLOOKUP(Personel!A14,denem!A:AC,9,0) -> 23965 | F14: Profesör | H14: #N/A | I14: #N/A | K14: ATATUNA@GMAIL.COM | L14: =PROPER(VLOOKUP(Personel!A14,denem!A:AC,10,0)) -> İstanbul Üniversitesi | M14: =PROPER(VLOOKUP(Personel!A14,denem!A:AC,11,0)) -> İstanbul Tıp Fakültesi | N14: =VLOOKUP(Personel!A14,denem!A:AC,12,0) -> 32143 | O14: =PROPER(VLOOKUP(Personel!A14,denem!A:AC,13,0)) | X14: Aktif | AC14: clean
A15: 43009257976 | B15: Ayhan Açar | C15: =VLOOKUP(Personel!A15,denem!A:AC,8,0) -> #N/A | D15: =VLOOKUP(Personel!A15,denem!A:AC,9,0) -> #N/A | F15: Büro Personeli (Sözleşmeli) | H15: #N/A | I15: #N/A | K15: #N/A | L15: =PROPER(VLOOKUP(Personel!A15,denem!A:AC,10,0)) -> #N/A | M15: =PROPER(VLOOKUP(Personel!A15,denem!A:AC,11,0)) -> #N/A | N15: =VLOOKUP(Personel!A15,denem!A:AC,12,0) -> #N/A | O15: =PROPER(VLOOKUP(Personel!A15,denem!A:AC,13,0)) -> #N/A | X15: Aktif | AC15: clean
A16: 67864076688 | B16: Ayhan Arslanoğlu | C16: =VLOOKUP(Personel!A16,denem!A:AC,8,0) -> Ankara | D16: =VLOOKUP(Personel!A16,denem!A:AC,9,0) -> 27884 | F16: Sağlık Teknikeri | H16: 4209-6130 | I16: 37937 | K16: ayhan.arslanoglu@istabul.edu.tr | L16: =PROPER(VLOOKUP(Personel!A16,denem!A:AC,10,0)) -> Gazi Üniversitesi | M16: =PROPER(VLOOKUP(Personel!A16,denem!A:AC,11,0)) -> Sağ. Hiz. Mes. Yo Radyoloji Bölümü | N16: =VLOOKUP(Personel!A16,denem!A:AC,12,0) -> 35450 | O16: =PROPER(VLOOKUP(Personel!A16,denem!A:AC,13,0)) -> 94102 | X16: Aktif | AC16: clean
A17: 37537744404 | B17: Ayhan Çatkın | C17: =VLOOKUP(Personel!A17,denem!A:AC,8,0) -> #N/A | D17: =VLOOKUP(Personel!A17,denem!A:AC,9,0) -> #N/A | F17: Hastabakıcı | H17: #N/A | I17: #N/A | K17: #N/A | L17: =PROPER(VLOOKUP(Personel!A17,denem!A:AC,10,0)) -> #N/A | M17: =PROPER(VLOOKUP(Personel!A17,denem!A:AC,11,0)) -> #N/A | N17: =VLOOKUP(Personel!A17,denem!A:AC,12,0) -> #N/A | O17: =PROPER(VLOOKUP(Personel!A17,denem!A:AC,13,0)) -> #N/A | X17: Aktif | AC17: clean
A18: 99249933514 | B18: Ayshan Safaralıyeva | C18: =VLOOKUP(Personel!A18,denem!A:AC,8,0) -> #N/A | D18: =VLOOKUP(Personel!A18,denem!A:AC,9,0) -> #N/A | F18: Uzmanlık Öğrencisi Doktor | H18: #N/A | I18: #N/A | K18: #N/A | L18: =PROPER(VLOOKUP(Personel!A18,denem!A:AC,10,0)) -> #N/A | M18: =PROPER(VLOOKUP(Personel!A18,denem!A:AC,11,0)) -> #N/A | N18: =VLOOKUP(Personel!A18,denem!A:AC,12,0) -> #N/A | O18: =PROPER(VLOOKUP(Personel!A18,denem!A:AC,13,0)) -> #N/A | X18: Aktif | AC18: clean
A19: 37745020840 | B19: Ayşin Gül | C19: =VLOOKUP(Personel!A19,denem!A:AC,8,0) -> #N/A | D19: =VLOOKUP(Personel!A19,denem!A:AC,9,0) -> #N/A | F19: Araştırma Görevlisi (Kurum Dışı) | H19: #N/A | I19: #N/A | K19: #N/A | L19: =PROPER(VLOOKUP(Personel!A19,denem!A:AC,10,0)) -> #N/A | M19: =PROPER(VLOOKUP(Personel!A19,denem!A:AC,11,0)) -> #N/A | N19: =VLOOKUP(Personel!A19,denem!A:AC,12,0) -> #N/A | O19: =PROPER(VLOOKUP(Personel!A19,denem!A:AC,13,0)) -> #N/A | X19: Aktif | AC19: clean
A20: 47245166252 | B20: Banu İşcan | C20: =VLOOKUP(Personel!A20,denem!A:AC,8,0) -> #N/A | D20: =VLOOKUP(Personel!A20,denem!A:AC,9,0) -> #N/A | F20: Diğer Personel (Ş) | H20: #N/A | I20: #N/A | K20: #N/A | L20: =PROPER(VLOOKUP(Personel!A20,denem!A:AC,10,0)) -> #N/A | M20: =PROPER(VLOOKUP(Personel!A20,denem!A:AC,11,0)) -> #N/A | N20: =VLOOKUP(Personel!A20,denem!A:AC,12,0) -> #N/A | O20: =PROPER(VLOOKUP(Personel!A20,denem!A:AC,13,0)) -> #N/A | X20: Aktif | AC20: clean
A21: 21661184694 | B21: Banu Solak | C21: =VLOOKUP(Personel!A21,denem!A:AC,8,0) -> Balıkesir | D21: =VLOOKUP(Personel!A21,denem!A:AC,9,0) -> 35296 | F21: Araştırma Görevlisi | H21: #N/A | I21: #N/A | K21: banu.solak@istanbul.edu.tr | L21: =PROPER(VLOOKUP(Personel!A21,denem!A:AC,10,0)) -> İstanbul Üniversitesi | M21: =PROPER(VLOOKUP(Personel!A21,denem!A:AC,11,0)) -> İstanbul Tıp Fakültesi | N21: =VLOOKUP(Personel!A21,denem!A:AC,12,0) -> 44024 | O21: =PROPER(VLOOKUP(Personel!A21,denem!A:AC,13,0)) -> 31987/35455 | X21: Aktif | AC21: clean
A22: 16105981854 | B22: Barış Bakır | C22: =VLOOKUP(Personel!A22,denem!A:AC,8,0) -> Erzurum | D22: =VLOOKUP(Personel!A22,denem!A:AC,9,0) -> 27241 | F22: Profesör | H22: #N/A | I22: #N/A | K22: drbarisbakir@yahoo.com | L22: =PROPER(VLOOKUP(Personel!A22,denem!A:AC,10,0)) -> Ankara Üniversitesi | M22: =PROPER(VLOOKUP(Personel!A22,denem!A:AC,11,0)) -> Tıp Fakültesi | N22: =VLOOKUP(Personel!A22,denem!A:AC,12,0) -> 36780 | O22: =PROPER(VLOOKUP(Personel!A22,denem!A:AC,13,0)) -> 12437 | X22: Aktif | AC22: clean
A23: 37855404714 | B23: Belis Tozlu Yücel | C23: =VLOOKUP(Personel!A23,denem!A:AC,8,0) -> Ordu | D23: =VLOOKUP(Personel!A23,denem!A:AC,9,0) -> 35185 | F23: Araştırma Görevlisi (Kurum Dışı) | H23: #N/A | I23: #N/A | K23: bbelistozlu@gmail.com | L23: =PROPER(VLOOKUP(Personel!A23,denem!A:AC,10,0)) -> Ankara Üniversitesi | M23: =PROPER(VLOOKUP(Personel!A23,denem!A:AC,11,0)) -> Tıp Fakültesi | N23: =VLOOKUP(Personel!A23,denem!A:AC,12,0) -> 44012 | O23: =PROPER(VLOOKUP(Personel!A23,denem!A:AC,13,0)) -> 2020-09-0346 | X23: Aktif | AC23: clean
A24: 42415993164 | B24: Berfim Güngördü | C24: =VLOOKUP(Personel!A24,denem!A:AC,8,0) -> #N/A | D24: =VLOOKUP(Personel!A24,denem!A:AC,9,0) -> #N/A | F24: Ebe | H24: #N/A | I24: #N/A | K24: #N/A | L24: =PROPER(VLOOKUP(Personel!A24,denem!A:AC,10,0)) -> #N/A | M24: =PROPER(VLOOKUP(Personel!A24,denem!A:AC,11,0)) -> #N/A | N24: =VLOOKUP(Personel!A24,denem!A:AC,12,0) -> #N/A | O24: =PROPER(VLOOKUP(Personel!A24,denem!A:AC,13,0)) -> #N/A | X24: Aktif | AC24: clean
A25: 20485675074 | B25: Berna Tomaç | C25: =VLOOKUP(Personel!A25,denem!A:AC,8,0) -> İstanbul | D25: =VLOOKUP(Personel!A25,denem!A:AC,9,0) -> 32898 | F25: Sağlık Teknikeri | H25: 4209-7289 | I25: 40910 | K25: brnolgun_90@hotmail.com | L25: =PROPER(VLOOKUP(Personel!A25,denem!A:AC,10,0)) -> Marmara Üniversitesi | M25: =PROPER(VLOOKUP(Personel!A25,denem!A:AC,11,0)) -> Sağ. Hiz. Mes. Yo Radyoloji Bölümü | N25: =VLOOKUP(Personel!A25,denem!A:AC,12,0) -> 40400 | O25: =PROPER(VLOOKUP(Personel!A25,denem!A:AC,13,0)) -> 547 | X25: Aktif | AC25: clean
A26: 18163287602 | B26: Bilal Karavil | C26: =VLOOKUP(Personel!A26,denem!A:AC,8,0) -> 0 | D26: =VLOOKUP(Personel!A26,denem!A:AC,9,0) -> 36014 | F26: Sağlık Teknisyeni | H26: SZ-3029 | I26: 44075 | K26: bllkrvl26@gmail.com | L26: =PROPER(VLOOKUP(Personel!A26,denem!A:AC,10,0)) -> Eskişehir Osmangazi Üniversitesi | M26: =PROPER(VLOOKUP(Personel!A26,denem!A:AC,11,0)) -> Sağ. Hiz. Mes. Yo Radyoloji Bölümü | N26: =VLOOKUP(Personel!A26,denem!A:AC,12,0) -> 43873 | O26: =PROPER(VLOOKUP(Personel!A26,denem!A:AC,13,0)) -> 165771 | X26: Aktif | AC26: clean
A27: 40423668340 | B27: Bilgin Coşkun | C27: =VLOOKUP(Personel!A27,denem!A:AC,8,0) -> #N/A | D27: =VLOOKUP(Personel!A27,denem!A:AC,9,0) -> #N/A | F27: Bilgisayar İşletmeni | H27: #N/A | I27: #N/A | K27: #N/A | L27: =PROPER(VLOOKUP(Personel!A27,denem!A:AC,10,0)) -> #N/A | M27: =PROPER(VLOOKUP(Personel!A27,denem!A:AC,11,0)) -> #N/A | N27: =VLOOKUP(Personel!A27,denem!A:AC,12,0) -> #N/A | O27: =PROPER(VLOOKUP(Personel!A27,denem!A:AC,13,0)) -> #N/A | X27: Aktif | AC27: clean
A28: 14522068356 | B28: Birsen Gença | C28: =VLOOKUP(Personel!A28,denem!A:AC,8,0) -> Silivri | D28: =VLOOKUP(Personel!A28,denem!A:AC,9,0) -> 27576 | F28: Laborant | H28: #N/A | I28: #N/A | K28: birsenfirat99@gmail.com | L28: =PROPER(VLOOKUP(Personel!A28,denem!A:AC,10,0)) -> Uludağ Üniversitesi | M28: =PROPER(VLOOKUP(Personel!A28,denem!A:AC,11,0)) -> Bursa Sağ. Hiz. Mes. Yo Radyoloji Bölümü | N28: =VLOOKUP(Personel!A28,denem!A:AC,12,0) -> 34206 | O28: =PROPER(VLOOKUP(Personel!A28,denem!A:AC,13,0)) -> 27211 | X28: Aktif | AC28: clean
A29: 13352305068 | B29: Burak Şan | C29: =VLOOKUP(Personel!A29,denem!A:AC,8,0) -> Kahramanmaraş | D29: =VLOOKUP(Personel!A29,denem!A:AC,9,0) -> 35203 | F29: Sağlık Teknikeri | H29: SZ-3455 | I29: 44760 | K29: buraksann070@gmail.com | L29: =PROPER(VLOOKUP(Personel!A29,denem!A:AC,10,0)) -> Nişantaşı Üniversitesi | M29: =PROPER(VLOOKUP(Personel!A29,denem!A:AC,11,0)) -> Sağ. Hiz. Mes. Yo Radyoloji Bölümü | N29: =VLOOKUP(Personel!A29,denem!A:AC,12,0) -> 42898 | O29: =PROPER(VLOOKUP(Personel!A29,denem!A:AC,13,0)) | X29: Aktif | AC29: clean
A30: 51394625768 | B30: Burcu Günay | C30: =VLOOKUP(Personel!A30,denem!A:AC,8,0) -> #N/A | D30: =VLOOKUP(Personel!A30,denem!A:AC,9,0) -> #N/A | F30: Diğer Personel (Ş) | H30: #N/A | I30: #N/A | K30: #N/A | L30: =PROPER(VLOOKUP(Personel!A30,denem!A:AC,10,0)) -> #N/A | M30: =PROPER(VLOOKUP(Personel!A30,denem!A:AC,11,0)) -> #N/A | N30: =VLOOKUP(Personel!A30,denem!A:AC,12,0) -> #N/A | O30: =PROPER(VLOOKUP(Personel!A30,denem!A:AC,13,0)) -> #N/A | X30: Aktif | AC30: clean
A31: 13117894240 | B31: Caner Varol | C31: =VLOOKUP(Personel!A31,denem!A:AC,8,0) -> Çanakkale | D31: =VLOOKUP(Personel!A31,denem!A:AC,9,0) -> 36266 | F31: Sağlık Teknikeri | H31: SZ-3481 | I31: 44789 | K31: caner-varol@hotmail.com | L31: =PROPER(VLOOKUP(Personel!A31,denem!A:AC,10,0)) -> Ege Üniversitesi | M31: =PROPER(VLOOKUP(Personel!A31,denem!A:AC,11,0)) -> Atatürk Sağ. Hiz. Mes. Yo Radyoloji Bölümü | N31: =VLOOKUP(Personel!A31,denem!A:AC,12,0) -> 43993 | O31: =PROPER(VLOOKUP(Personel!A31,denem!A:AC,13,0)) | X31: Aktif | AC31: clean
A32: 24359170214 | B32: Celal Caner Ercan | C32: =VLOOKUP(Personel!A32,denem!A:AC,8,0) -> İstanbul | D32: =VLOOKUP(Personel!A32,denem!A:AC,9,0) -> 33348 | F32: Uzman Tabib | H32: #N/A | I32: #N/A | K32: celalcaner@msn.com | L32: =PROPER(VLOOKUP(Personel!A32,denem!A:AC,10,0)) -> İstanbul Üniversitesi | M32: =PROPER(VLOOKUP(Personel!A32,denem!A:AC,11,0)) -> İstanbul Tıp Fakültesi | N32: =VLOOKUP(Personel!A32,denem!A:AC,12,0) -> 42540 | O32: =PROPER(VLOOKUP(Personel!A32,denem!A:AC,13,0)) -> 30093/33561 | X32: Aktif | AC32: clean
A33: 20707846060 | B33: Cemil Oğuzcan | C33: =VLOOKUP(Personel!A33,denem!A:AC,8,0) -> Kemah | D33: =VLOOKUP(Personel!A33,denem!A:AC,9,0) -> 30317 | F33: Sağlık Teknikeri | H33: 4209-7291 | I33: 41562 | K33: cemiloguzcan@hotmail.com | L33: =PROPER(VLOOKUP(Personel!A33,denem!A:AC,10,0)) -> İstanbul Bilim Üniversitesi | M33: =PROPER(VLOOKUP(Personel!A33,denem!A:AC,11,0)) -> Sağ. Hiz. Mes. Yo Radyoloji Bölümü | N33: =VLOOKUP(Personel!A33,denem!A:AC,12,0) -> 39632 | O33: =PROPER(VLOOKUP(Personel!A33,denem!A:AC,13,0)) -> 29 | X33: Aktif | AC33: clean
A34: 30679636910 | B34: Cüneyt Hebip | C34: =VLOOKUP(Personel!A34,denem!A:AC,8,0) -> İstanbul | D34: =VLOOKUP(Personel!A34,denem!A:AC,9,0) -> 33035 | F34: Sağlık Teknisyeni | H34: 4209-7191 | I34: 40910 | K34: cuneyt.hebip@gmail.com | L34: =PROPER(VLOOKUP(Personel!A34,denem!A:AC,10,0)) -> İstanbul Üniversitesi | M34: =PROPER(VLOOKUP(Personel!A34,denem!A:AC,11,0)) -> Sağ. Hiz. Mes. Yo Radyoloji Bölümü | N34: =VLOOKUP(Personel!A34,denem!A:AC,12,0) -> 40728 | O34: =PROPER(VLOOKUP(Personel!A34,denem!A:AC,13,0)) -> 969 | X34: Aktif | AC34: clean
A35: 21871342648 | B35: Çağlar Büyük | C35: =VLOOKUP(Personel!A35,denem!A:AC,8,0) -> #N/A | D35: =VLOOKUP(Personel!A35,denem!A:AC,9,0) -> #N/A | F35: Hemşire | H35: #N/A | I35: #N/A | K35: #N/A | L35: =PROPER(VLOOKUP(Personel!A35,denem!A:AC,10,0)) -> #N/A | M35: =PROPER(VLOOKUP(Personel!A35,denem!A:AC,11,0)) -> #N/A | N35: =VLOOKUP(Personel!A35,denem!A:AC,12,0) -> #N/A | O35: =PROPER(VLOOKUP(Personel!A35,denem!A:AC,13,0)) -> #N/A | X35: Aktif | AC35: clean
A36: 33955916348 | B36: Çiğdem Eren | C36: =VLOOKUP(Personel!A36,denem!A:AC,8,0) -> İzmit | D36: =VLOOKUP(Personel!A36,denem!A:AC,9,0) -> 32919 | F36: Sağlık Teknikeri | H36: 4209-7086 | I36: 40910 | K36: gs.cigdem_90@hotmail.com | L36: =PROPER(VLOOKUP(Personel!A36,denem!A:AC,10,0)) -> İstabul Universitesi | M36: =PROPER(VLOOKUP(Personel!A36,denem!A:AC,11,0)) -> Sağ. Hiz. Mes. Yo Radyoloji Bölümü | N36: =VLOOKUP(Personel!A36,denem!A:AC,12,0) -> 40333 | O36: =PROPER(VLOOKUP(Personel!A36,denem!A:AC,13,0)) -> 907 | X36: Aktif | AC36: clean
A37: 49576468920 | B37: Değer Özcan | C37: =VLOOKUP(Personel!A37,denem!A:AC,8,0) -> #N/A | D37: =VLOOKUP(Personel!A37,denem!A:AC,9,0) -> #N/A | F37: Hemşire | H37: #N/A | I37: #N/A | K37: #N/A | L37: =PROPER(VLOOKUP(Personel!A37,denem!A:AC,10,0)) -> #N/A | M37: =PROPER(VLOOKUP(Personel!A37,denem!A:AC,11,0)) -> #N/A | N37: =VLOOKUP(Personel!A37,denem!A:AC,12,0) -> #N/A | O37: =PROPER(VLOOKUP(Personel!A37,denem!A:AC,13,0)) -> #N/A | X37: Aktif | AC37: clean
A38: 59701516396 | B38: Deniz Aslan | C38: =VLOOKUP(Personel!A38,denem!A:AC,8,0) -> İstanbul | D38: =VLOOKUP(Personel!A38,denem!A:AC,9,0) -> 33095 | F38: Sağlık Teknikeri | H38: 4209-6985 | I38: 40910 | K38: ensalp2018@gmail.com | L38: =PROPER(VLOOKUP(Personel!A38,denem!A:AC,10,0)) -> İstanbul Üniversitesi | M38: =PROPER(VLOOKUP(Personel!A38,denem!A:AC,11,0)) -> Sağ. Hiz. Mes. Yo Radyoloji Bölümü | N38: =VLOOKUP(Personel!A38,denem!A:AC,12,0) -> 40347 | O38: =PROPER(VLOOKUP(Personel!A38,denem!A:AC,13,0)) -> 905 | X38: Aktif | AC38: clean
A39: 33946154308 | B39: Deniz Saliha Sobayapan | C39: =VLOOKUP(Personel!A39,denem!A:AC,8,0) -> #N/A | D39: =VLOOKUP(Personel!A39,denem!A:AC,9,0) -> #N/A | F39: Araştırma Görevlisi (Kurum Dışı) | H39: #N/A | I39: #N/A | K39: #N/A | L39: =PROPER(VLOOKUP(Personel!A39,denem!A:AC,10,0)) -> #N/A | M39: =PROPER(VLOOKUP(Personel!A39,denem!A:AC,11,0)) -> #N/A | N39: =VLOOKUP(Personel!A39,denem!A:AC,12,0) -> #N/A | O39: =PROPER(VLOOKUP(Personel!A39,denem!A:AC,13,0)) -> #N/A | X39: Aktif | AC39: clean
A40: 28762644492 | B40: Dilek Buzakoğlu | C40: =VLOOKUP(Personel!A40,denem!A:AC,8,0) -> #N/A | D40: =VLOOKUP(Personel!A40,denem!A:AC,9,0) -> #N/A | F40: Sağlık Teknikeri | H40: 4209-7210 | I40: 40914 | K40: #N/A | L40: =PROPER(VLOOKUP(Personel!A40,denem!A:AC,10,0)) -> #N/A | M40: =PROPER(VLOOKUP(Personel!A40,denem!A:AC,11,0)) -> #N/A | N40: =VLOOKUP(Personel!A40,denem!A:AC,12,0) -> #N/A | O40: =PROPER(VLOOKUP(Personel!A40,denem!A:AC,13,0)) -> #N/A | X40: Aktif | AC40: clean
A41: 12569465558 | B41: Dilek İpkir | C41: =VLOOKUP(Personel!A41,denem!A:AC,8,0) -> #N/A | D41: =VLOOKUP(Personel!A41,denem!A:AC,9,0) -> #N/A | F41: Şef | H41: #N/A | I41: #N/A | K41: #N/A | L41: =PROPER(VLOOKUP(Personel!A41,denem!A:AC,10,0)) -> #N/A | M41: =PROPER(VLOOKUP(Personel!A41,denem!A:AC,11,0)) -> #N/A | N41: =VLOOKUP(Personel!A41,denem!A:AC,12,0) -> #N/A | O41: =PROPER(VLOOKUP(Personel!A41,denem!A:AC,13,0)) -> #N/A | X41: Aktif | AC41: clean
A42: 19370884370 | B42: Dilşah Salkın | C42: =VLOOKUP(Personel!A42,denem!A:AC,8,0) -> #N/A | D42: =VLOOKUP(Personel!A42,denem!A:AC,9,0) -> #N/A | F42: Araştırma Görevlisi (Kurum Dışı) | H42: #N/A | I42: #N/A | K42: #N/A | L42: =PROPER(VLOOKUP(Personel!A42,denem!A:AC,10,0)) -> #N/A | M42: =PROPER(VLOOKUP(Personel!A42,denem!A:AC,11,0)) -> #N/A | N42: =VLOOKUP(Personel!A42,denem!A:AC,12,0) -> #N/A | O42: =PROPER(VLOOKUP(Personel!A42,denem!A:AC,13,0)) -> #N/A | X42: Aktif | AC42: clean
A43: 24397691528 | B43: Duygu Sena Akın | C43: =VLOOKUP(Personel!A43,denem!A:AC,8,0) -> #N/A | D43: =VLOOKUP(Personel!A43,denem!A:AC,9,0) -> #N/A | F43: Hemşire | H43: #N/A | I43: #N/A | K43: #N/A | L43: =PROPER(VLOOKUP(Personel!A43,denem!A:AC,10,0)) -> #N/A | M43: =PROPER(VLOOKUP(Personel!A43,denem!A:AC,11,0)) -> #N/A | N43: =VLOOKUP(Personel!A43,denem!A:AC,12,0) -> #N/A | O43: =PROPER(VLOOKUP(Personel!A43,denem!A:AC,13,0)) -> #N/A | X43: Aktif | AC43: clean
A44: 44974017398 | B44: Ebru Arslan Bahçekapılı | C44: =VLOOKUP(Personel!A44,denem!A:AC,8,0) -> #N/A | D44: =VLOOKUP(Personel!A44,denem!A:AC,9,0) -> #N/A | F44: Hemşire | H44: #N/A | I44: #N/A | K44: #N/A | L44: =PROPER(VLOOKUP(Personel!A44,denem!A:AC,10,0)) -> #N/A | M44: =PROPER(VLOOKUP(Personel!A44,denem!A:AC,11,0)) -> #N/A | N44: =VLOOKUP(Personel!A44,denem!A:AC,12,0) -> #N/A | O44: =PROPER(VLOOKUP(Personel!A44,denem!A:AC,13,0)) -> #N/A | X44: Aktif | AC44: clean
A45: 34937208444 | B45: Eda Evcil | C45: =VLOOKUP(Personel!A45,denem!A:AC,8,0) -> #N/A | D45: =VLOOKUP(Personel!A45,denem!A:AC,9,0) -> #N/A | F45: Diğer Personel (Ş) | H45: #N/A | I45: #N/A | K45: #N/A | L45: =PROPER(VLOOKUP(Personel!A45,denem!A:AC,10,0)) -> #N/A | M45: =PROPER(VLOOKUP(Personel!A45,denem!A:AC,11,0)) -> #N/A | N45: =VLOOKUP(Personel!A45,denem!A:AC,12,0) -> #N/A | O45: =PROPER(VLOOKUP(Personel!A45,denem!A:AC,13,0)) -> #N/A | X45: Aktif | AC45: clean
A46: 27259973206 | B46: Ekrem Çok | C46: =VLOOKUP(Personel!A46,denem!A:AC,8,0) -> İstanbul | D46: =VLOOKUP(Personel!A46,denem!A:AC,9,0) -> 34340 | F46: Sağlık Memuru | H46: #N/A | I46: #N/A | K46: 34ekremcok@gmail.com | L46: =PROPER(VLOOKUP(Personel!A46,denem!A:AC,10,0)) -> Nişantaşı Üniversitesi | M46: =PROPER(VLOOKUP(Personel!A46,denem!A:AC,11,0)) -> Tıbbi Görüntüleme M.Y.0 | N46: =VLOOKUP(Personel!A46,denem!A:AC,12,0) -> 0 | O46: =PROPER(VLOOKUP(Personel!A46,denem!A:AC,13,0)) | X46: Aktif | AC46: clean
A47: 29935811918 | B47: Elif Erden | C47: =VLOOKUP(Personel!A47,denem!A:AC,8,0) -> #N/A | D47: =VLOOKUP(Personel!A47,denem!A:AC,9,0) -> #N/A | F47: Diğer Personel (Ş) | H47: #N/A | I47: #N/A | K47: #N/A | L47: =PROPER(VLOOKUP(Personel!A47,denem!A:AC,10,0)) -> #N/A | M47: =PROPER(VLOOKUP(Personel!A47,denem!A:AC,11,0)) -> #N/A | N47: =VLOOKUP(Personel!A47,denem!A:AC,12,0) -> #N/A | O47: =PROPER(VLOOKUP(Personel!A47,denem!A:AC,13,0)) -> #N/A | X47: Aktif | AC47: clean
A48: 12247655530 | B48: Elif Şentürk Toraman | C48: =VLOOKUP(Personel!A48,denem!A:AC,8,0) -> Borçka | D48: =VLOOKUP(Personel!A48,denem!A:AC,9,0) -> 32258 | F48: Sağlık Teknikeri | H48: #N/A | I48: #N/A | K48: Esenturk1403@gmail.com | L48: =PROPER(VLOOKUP(Personel!A48,denem!A:AC,10,0)) -> İstanbul Üniversitesi | M48: =PROPER(VLOOKUP(Personel!A48,denem!A:AC,11,0)) -> Sağ. Hiz. Mes. Yo Radyoloji Bölümü | N48: =VLOOKUP(Personel!A48,denem!A:AC,12,0) -> 39633 | O48: =PROPER(VLOOKUP(Personel!A48,denem!A:AC,13,0)) -> 841 | X48: Aktif | AC48: clean
A49: 37843810688 | B49: Elif Nur Koçak | C49: =VLOOKUP(Personel!A49,denem!A:AC,8,0) -> #N/A | D49: =VLOOKUP(Personel!A49,denem!A:AC,9,0) -> #N/A | F49: Araştırma Görevlisi (Kurum Dışı) | H49: #N/A | I49: #N/A | K49: #N/A | L49: =PROPER(VLOOKUP(Personel!A49,denem!A:AC,10,0)) -> #N/A | M49: =PROPER(VLOOKUP(Personel!A49,denem!A:AC,11,0)) -> #N/A | N49: =VLOOKUP(Personel!A49,denem!A:AC,12,0) -> #N/A | O49: =PROPER(VLOOKUP(Personel!A49,denem!A:AC,13,0)) -> #N/A | X49: Aktif | AC49: clean
A50: 63796380978 | B50: Emel Baş | C50: =VLOOKUP(Personel!A50,denem!A:AC,8,0) -> #N/A | D50: =VLOOKUP(Personel!A50,denem!A:AC,9,0) -> #N/A | F50: Diğer Personel (Ş) | H50: #N/A | I50: #N/A | K50: #N/A | L50: =PROPER(VLOOKUP(Personel!A50,denem!A:AC,10,0)) -> #N/A | M50: =PROPER(VLOOKUP(Personel!A50,denem!A:AC,11,0)) -> #N/A | N50: =VLOOKUP(Personel!A50,denem!A:AC,12,0) -> #N/A | O50: =PROPER(VLOOKUP(Personel!A50,denem!A:AC,13,0)) -> #N/A | X50: Aktif | AC50: clean
A51: 31388172744 | B51: Emine İnan | C51: =VLOOKUP(Personel!A51,denem!A:AC,8,0) -> Batman | D51: =VLOOKUP(Personel!A51,denem!A:AC,9,0) -> 35432 | F51: Sağlık Memuru | H51: SZ-3458 | I51: 44760 | K51: emineinan001@gmail.com | L51: =PROPER(VLOOKUP(Personel!A51,denem!A:AC,10,0)) -> İstanbul Medipol Üniversitesi | M51: =PROPER(VLOOKUP(Personel!A51,denem!A:AC,11,0)) -> Sağ. Hiz. Mes. Yo Radyoloji Bölümü | N51: =VLOOKUP(Personel!A51,denem!A:AC,12,0) -> 42894 | O51: =PROPER(VLOOKUP(Personel!A51,denem!A:AC,13,0)) -> 17Hm0026 | X51: Aktif | AC51: clean
A52: 46087437582 | B52: Emirhan Karaş | C52: =VLOOKUP(Personel!A52,denem!A:AC,8,0) -> #N/A | D52: =VLOOKUP(Personel!A52,denem!A:AC,9,0) -> #N/A | F52: Hemşire | H52: #N/A | I52: #N/A | K52: #N/A | L52: =PROPER(VLOOKUP(Personel!A52,denem!A:AC,10,0)) -> #N/A | M52: =PROPER(VLOOKUP(Personel!A52,denem!A:AC,11,0)) -> #N/A | N52: =VLOOKUP(Personel!A52,denem!A:AC,12,0) -> #N/A | O52: =PROPER(VLOOKUP(Personel!A52,denem!A:AC,13,0)) -> #N/A | X52: Aktif | AC52: clean
A53: 31531851298 | B53: Emre Tolga Şahin | C53: =VLOOKUP(Personel!A53,denem!A:AC,8,0) -> İstanbul | D53: =VLOOKUP(Personel!A53,denem!A:AC,9,0) -> 31072 | F53: Sağlık Teknisyeni | H53: #N/A | I53: #N/A | K53: emretolgasahin@hotmail.com | L53: =PROPER(VLOOKUP(Personel!A53,denem!A:AC,10,0)) -> Haydarpaşa Bülent Akarcalı Sağlık Meslek Lisesi | M53: =PROPER(VLOOKUP(Personel!A53,denem!A:AC,11,0)) | N53: =VLOOKUP(Personel!A53,denem!A:AC,12,0) -> 0 | O53: =PROPER(VLOOKUP(Personel!A53,denem!A:AC,13,0)) | X53: Aktif | AC53: clean
A54: 40681947560 | B54: Engin Yılmaz | C54: =VLOOKUP(Personel!A54,denem!A:AC,8,0) -> #N/A | D54: =VLOOKUP(Personel!A54,denem!A:AC,9,0) -> #N/A | F54: Hemşire | H54: #N/A | I54: #N/A | K54: #N/A | L54: =PROPER(VLOOKUP(Personel!A54,denem!A:AC,10,0)) -> #N/A | M54: =PROPER(VLOOKUP(Personel!A54,denem!A:AC,11,0)) -> #N/A | N54: =VLOOKUP(Personel!A54,denem!A:AC,12,0) -> #N/A | O54: =PROPER(VLOOKUP(Personel!A54,denem!A:AC,13,0)) -> #N/A | X54: Aktif | AC54: clean
A55: 20564739512 | B55: Ercan Hamarat | C55: =VLOOKUP(Personel!A55,denem!A:AC,8,0) -> Şanlıurfa | D55: =VLOOKUP(Personel!A55,denem!A:AC,9,0) -> 25934 | F55: Sağlık Teknikeri | H55: 4209-7190 | I55: 41001 | K55: ercan.na@hotmail.com | L55: =PROPER(VLOOKUP(Personel!A55,denem!A:AC,10,0)) -> Yeni Yüzyıl Üniversitesi | M55: =PROPER(VLOOKUP(Personel!A55,denem!A:AC,11,0)) -> Sağ. Hiz. Mes. Yo Radyoloji Bölümü | N55: =VLOOKUP(Personel!A55,denem!A:AC,12,0) -> 35997 | O55: =PROPER(VLOOKUP(Personel!A55,denem!A:AC,13,0)) -> 61 | X55: Aktif | AC55: clean
A56: 19136259152 | B56: Faik Alkan | C56: =VLOOKUP(Personel!A56,denem!A:AC,8,0) -> #N/A | D56: =VLOOKUP(Personel!A56,denem!A:AC,9,0) -> #N/A | F56: Sağlık Teknikeri | H56: #N/A | I56: #N/A | K56: #N/A | L56: =PROPER(VLOOKUP(Personel!A56,denem!A:AC,10,0)) -> #N/A | M56: =PROPER(VLOOKUP(Personel!A56,denem!A:AC,11,0)) -> #N/A | N56: =VLOOKUP(Personel!A56,denem!A:AC,12,0) -> #N/A | O56: =PROPER(VLOOKUP(Personel!A56,denem!A:AC,13,0)) -> #N/A | X56: Aktif | AC56: clean
A57: 99402629056 | B57: Farzad Farahmand | C57: =VLOOKUP(Personel!A57,denem!A:AC,8,0) -> #N/A | D57: =VLOOKUP(Personel!A57,denem!A:AC,9,0) -> #N/A | F57: Uzmanlık Öğrencisi Doktor | H57: #N/A | I57: #N/A | K57: #N/A | L57: =PROPER(VLOOKUP(Personel!A57,denem!A:AC,10,0)) -> #N/A | M57: =PROPER(VLOOKUP(Personel!A57,denem!A:AC,11,0)) -> #N/A | N57: =VLOOKUP(Personel!A57,denem!A:AC,12,0) -> #N/A | O57: =PROPER(VLOOKUP(Personel!A57,denem!A:AC,13,0)) -> #N/A | X57: Aktif | AC57: clean
A58: 24613311988 | B58: Fatih Işık | C58: =VLOOKUP(Personel!A58,denem!A:AC,8,0) -> İstanbul | D58: =VLOOKUP(Personel!A58,denem!A:AC,9,0) -> 35949 | F58: Sağlık Teknisyeni | H58: SZ-2995 | I58: 44060 | K58: fatih_ceng@hotmail.com | L58: =PROPER(VLOOKUP(Personel!A58,denem!A:AC,10,0)) -> Marmara Üniversitesi | M58: =PROPER(VLOOKUP(Personel!A58,denem!A:AC,11,0)) -> Sağ. Hiz. Mes. Yo Radyoloji Bölümü | N58: =VLOOKUP(Personel!A58,denem!A:AC,12,0) -> 44242 | O58: =PROPER(VLOOKUP(Personel!A58,denem!A:AC,13,0)) -> 2021A350516044 | X58: Aktif | AC58: clean
A59: 45238830586 | B59: Fatih Selamet Tartıcı | C59: =VLOOKUP(Personel!A59,denem!A:AC,8,0) -> Boyabat | D59: =VLOOKUP(Personel!A59,denem!A:AC,9,0) -> 32538 | F59: Sağlık Teknisyeni | H59: 4209-7376 | I59: 41562 | K59: fatih.tartici@istanbul.edu.tr | L59: =PROPER(VLOOKUP(Personel!A59,denem!A:AC,10,0)) -> Marmara Üniversitesi | M59: =PROPER(VLOOKUP(Personel!A59,denem!A:AC,11,0)) -> Sağ. Hiz. Mes. Yo Radyoloji Bölümü | N59: =VLOOKUP(Personel!A59,denem!A:AC,12,0) -> 42185 | O59: =PROPER(VLOOKUP(Personel!A59,denem!A:AC,13,0)) -> 2015A350507981 | X59: Aktif | AC59: clean
A60: 22460522250 | B60: Fatma Birsu Tepecik | C60: =VLOOKUP(Personel!A60,denem!A:AC,8,0) -> #N/A | D60: =VLOOKUP(Personel!A60,denem!A:AC,9,0) -> #N/A | F60: Araştırma Görevlisi (Kurum Dışı) | H60: #N/A | I60: #N/A | K60: #N/A | L60: =PROPER(VLOOKUP(Personel!A60,denem!A:AC,10,0)) -> #N/A | M60: =PROPER(VLOOKUP(Personel!A60,denem!A:AC,11,0)) -> #N/A | N60: =VLOOKUP(Personel!A60,denem!A:AC,12,0) -> #N/A | O60: =PROPER(VLOOKUP(Personel!A60,denem!A:AC,13,0)) -> #N/A | X60: Aktif | AC60: clean
A61: 54415383272 | B61: Fevzi Karahan | C61: =VLOOKUP(Personel!A61,denem!A:AC,8,0) -> 0 | D61: =VLOOKUP(Personel!A61,denem!A:AC,9,0) -> 31243 | F61: Sağlık Teknikeri | H61: 4209-7243 | I61: 41001 | K61: fevzikarahan46@gmail.com | L61: =PROPER(VLOOKUP(Personel!A61,denem!A:AC,10,0)) -> İstanbul Üniversitesi | M61: =PROPER(VLOOKUP(Personel!A61,denem!A:AC,11,0)) -> Cerrahpaşa Sağ. Hiz. Mes. Yo Radyoloji Bölümü | N61: =VLOOKUP(Personel!A61,denem!A:AC,12,0) -> 39268 | O61: =PROPER(VLOOKUP(Personel!A61,denem!A:AC,13,0)) -> 819 | X61: Aktif | AC61: clean
A62: 22841362222 | B62: Fidan Koca | C62: =VLOOKUP(Personel!A62,denem!A:AC,8,0) -> 0 | D62: =VLOOKUP(Personel!A62,denem!A:AC,9,0) -> 29910 | F62: Sağlık Teknikeri | H62: #N/A | I62: #N/A | K62: kocakilicfidan@gmail.com | L62: =PROPER(VLOOKUP(Personel!A62,denem!A:AC,10,0)) -> Çukurova Üniversitesi | M62: =PROPER(VLOOKUP(Personel!A62,denem!A:AC,11,0)) -> Tıp Fakültesi | N62: =VLOOKUP(Personel!A62,denem!A:AC,12,0) -> 38506 | O62: =PROPER(VLOOKUP(Personel!A62,denem!A:AC,13,0)) | X62: Aktif | AC62: clean
A63: 20848880862 | B63: Furkan Işık | C63: =VLOOKUP(Personel!A63,denem!A:AC,8,0) -> #N/A | D63: =VLOOKUP(Personel!A63,denem!A:AC,9,0) -> #N/A | F63: Hastane Hizmetlisi (İşçi) | H63: #N/A | I63: #N/A | K63: #N/A | L63: =PROPER(VLOOKUP(Personel!A63,denem!A:AC,10,0)) -> #N/A | M63: =PROPER(VLOOKUP(Personel!A63,denem!A:AC,11,0)) -> #N/A | N63: =VLOOKUP(Personel!A63,denem!A:AC,12,0) -> #N/A | O63: =PROPER(VLOOKUP(Personel!A63,denem!A:AC,13,0)) -> #N/A | X63: Aktif | AC63: clean
A64: 53749733876 | B64: Furkan Polat | C64: =VLOOKUP(Personel!A64,denem!A:AC,8,0) -> #N/A | D64: =VLOOKUP(Personel!A64,denem!A:AC,9,0) -> #N/A | F64: Destek Personeli -Hasta Bakımı(Sözleşmeli) | H64: #N/A | I64: #N/A | K64: #N/A | L64: =PROPER(VLOOKUP(Personel!A64,denem!A:AC,10,0)) -> #N/A | M64: =PROPER(VLOOKUP(Personel!A64,denem!A:AC,11,0)) -> #N/A | N64: =VLOOKUP(Personel!A64,denem!A:AC,12,0) -> #N/A | O64: =PROPER(VLOOKUP(Personel!A64,denem!A:AC,13,0)) -> #N/A | X64: Aktif | AC64: clean
A65: 12613512146 | B65: Gönül Perek | C65: =VLOOKUP(Personel!A65,denem!A:AC,8,0) -> #N/A | D65: =VLOOKUP(Personel!A65,denem!A:AC,9,0) -> #N/A | F65: Diğer Personel (Ş) | H65: #N/A | I65: #N/A | K65: #N/A | L65: =PROPER(VLOOKUP(Personel!A65,denem!A:AC,10,0)) -> #N/A | M65: =PROPER(VLOOKUP(Personel!A65,denem!A:AC,11,0)) -> #N/A | N65: =VLOOKUP(Personel!A65,denem!A:AC,12,0) -> #N/A | O65: =PROPER(VLOOKUP(Personel!A65,denem!A:AC,13,0)) -> #N/A | X65: Aktif | AC65: clean
A66: 14408761326 | B66: Gurbet Karacan | C66: =VLOOKUP(Personel!A66,denem!A:AC,8,0) -> #N/A | D66: =VLOOKUP(Personel!A66,denem!A:AC,9,0) -> #N/A | F66: Sağlık Memuru | H66: #N/A | I66: #N/A | K66: #N/A | L66: =PROPER(VLOOKUP(Personel!A66,denem!A:AC,10,0)) -> #N/A | M66: =PROPER(VLOOKUP(Personel!A66,denem!A:AC,11,0)) -> #N/A | N66: =VLOOKUP(Personel!A66,denem!A:AC,12,0) -> #N/A | O66: =PROPER(VLOOKUP(Personel!A66,denem!A:AC,13,0)) -> #N/A | X66: Aktif | AC66: clean
A67: 23204627972 | B67: Gülşen Erdem | C67: =VLOOKUP(Personel!A67,denem!A:AC,8,0) -> #N/A | D67: =VLOOKUP(Personel!A67,denem!A:AC,9,0) -> #N/A | F67: Sağlık Teknikeri | H67: #N/A | I67: #N/A | K67: #N/A | L67: =PROPER(VLOOKUP(Personel!A67,denem!A:AC,10,0)) -> #N/A | M67: =PROPER(VLOOKUP(Personel!A67,denem!A:AC,11,0)) -> #N/A | N67: =VLOOKUP(Personel!A67,denem!A:AC,12,0) -> #N/A | O67: =PROPER(VLOOKUP(Personel!A67,denem!A:AC,13,0)) -> #N/A | X67: Aktif | AC67: clean
A68: 54907073476 | B68: Gülşen Yüce | C68: =VLOOKUP(Personel!A68,denem!A:AC,8,0) -> #N/A | D68: =VLOOKUP(Personel!A68,denem!A:AC,9,0) -> #N/A | F68: Bilgisayar İşletmeni | H68: #N/A | I68: #N/A | K68: #N/A | L68: =PROPER(VLOOKUP(Personel!A68,denem!A:AC,10,0)) -> #N/A | M68: =PROPER(VLOOKUP(Personel!A68,denem!A:AC,11,0)) -> #N/A | N68: =VLOOKUP(Personel!A68,denem!A:AC,12,0) -> #N/A | O68: =PROPER(VLOOKUP(Personel!A68,denem!A:AC,13,0)) -> #N/A | X68: Aktif | AC68: clean
A69: 23609090784 | B69: Hakan Durmuş | C69: =VLOOKUP(Personel!A69,denem!A:AC,8,0) -> #N/A | D69: =VLOOKUP(Personel!A69,denem!A:AC,9,0) -> #N/A | F69: Fizikçi | H69: #N/A | I69: #N/A | K69: #N/A | L69: =PROPER(VLOOKUP(Personel!A69,denem!A:AC,10,0)) -> #N/A | M69: =PROPER(VLOOKUP(Personel!A69,denem!A:AC,11,0)) -> #N/A | N69: =VLOOKUP(Personel!A69,denem!A:AC,12,0) -> #N/A | O69: =PROPER(VLOOKUP(Personel!A69,denem!A:AC,13,0)) -> #N/A | X69: Aktif | AC69: clean
A70: 10904460510 | B70: Hakan Eravcı | C70: =VLOOKUP(Personel!A70,denem!A:AC,8,0) -> #N/A | D70: =VLOOKUP(Personel!A70,denem!A:AC,9,0) -> #N/A | F70: Hemşire | H70: #N/A | I70: #N/A | K70: #N/A | L70: =PROPER(VLOOKUP(Personel!A70,denem!A:AC,10,0)) -> #N/A | M70: =PROPER(VLOOKUP(Personel!A70,denem!A:AC,11,0)) -> #N/A | N70: =VLOOKUP(Personel!A70,denem!A:AC,12,0) -> #N/A | O70: =PROPER(VLOOKUP(Personel!A70,denem!A:AC,13,0)) -> #N/A | X70: Aktif | AC70: clean
A71: 39511597594 | B71: Hakkı Tuncer | C71: =VLOOKUP(Personel!A71,denem!A:AC,8,0) -> İstanbul | D71: =VLOOKUP(Personel!A71,denem!A:AC,9,0) -> 32987 | F71: Sağlık Teknisyeni | H71: 4209-7381 | I71: 41562 | K71: buse_42554@hotmail.com | L71: =PROPER(VLOOKUP(Personel!A71,denem!A:AC,10,0)) -> Marmara Üniversitesi | M71: =PROPER(VLOOKUP(Personel!A71,denem!A:AC,11,0)) -> Sağ. Hiz. Mes. Yo Radyoloji Bölümü | N71: =VLOOKUP(Personel!A71,denem!A:AC,12,0) -> 41663 | O71: =PROPER(VLOOKUP(Personel!A71,denem!A:AC,13,0)) -> 2014A350509028 | X71: Aktif | AC71: clean
A72: 13157251218 | B72: Hamza Kurt | C72: =VLOOKUP(Personel!A72,denem!A:AC,8,0) -> #N/A | D72: =VLOOKUP(Personel!A72,denem!A:AC,9,0) -> #N/A | F72: Destek Personeli-(Sözleşmeli) | H72: #N/A | I72: #N/A | K72: #N/A | L72: =PROPER(VLOOKUP(Personel!A72,denem!A:AC,10,0)) -> #N/A | M72: =PROPER(VLOOKUP(Personel!A72,denem!A:AC,11,0)) -> #N/A | N72: =VLOOKUP(Personel!A72,denem!A:AC,12,0) -> #N/A | O72: =PROPER(VLOOKUP(Personel!A72,denem!A:AC,13,0)) -> #N/A | X72: Aktif | AC72: clean
A73: 19093830272 | B73: Hasan Taş | C73: =VLOOKUP(Personel!A73,denem!A:AC,8,0) -> ERGANİ | D73: =VLOOKUP(Personel!A73,denem!A:AC,9,0) -> 36512 | F73: Sağlık Memuru | H73: Sz-3352 | I73: 44713 | K73: htas87984@gmail.com | L73: =PROPER(VLOOKUP(Personel!A73,denem!A:AC,10,0)) -> Bitlis Eren Üniversitesi | M73: =PROPER(VLOOKUP(Personel!A73,denem!A:AC,11,0)) -> Sağ. Hiz. Mes. Yo Tıbbi Görüntüleme Teknikeri | N73: =VLOOKUP(Personel!A73,denem!A:AC,12,0) -> 0 | O73: =PROPER(VLOOKUP(Personel!A73,denem!A:AC,13,0)) | X73: Aktif | AC73: clean
A74: 21031245840 | B74: Hatice Ünal | C74: =VLOOKUP(Personel!A74,denem!A:AC,8,0) -> #N/A | D74: =VLOOKUP(Personel!A74,denem!A:AC,9,0) -> #N/A | F74: Hemşire | H74: #N/A | I74: #N/A | K74: #N/A | L74: =PROPER(VLOOKUP(Personel!A74,denem!A:AC,10,0)) -> #N/A | M74: =PROPER(VLOOKUP(Personel!A74,denem!A:AC,11,0)) -> #N/A | N74: =VLOOKUP(Personel!A74,denem!A:AC,12,0) -> #N/A | O74: =PROPER(VLOOKUP(Personel!A74,denem!A:AC,13,0)) -> #N/A | X74: Aktif | AC74: clean
A75: 58003101996 | B75: Helin Köse | C75: =VLOOKUP(Personel!A75,denem!A:AC,8,0) -> Kırşehir | D75: =VLOOKUP(Personel!A75,denem!A:AC,9,0) -> 34826 | F75: Araştırma Görevlisi | H75: #N/A | I75: #N/A | K75: helinkose95@gmail.com | L75: =PROPER(VLOOKUP(Personel!A75,denem!A:AC,10,0)) -> İstanbul Üniversitesi | M75: =PROPER(VLOOKUP(Personel!A75,denem!A:AC,11,0)) -> İstanbul Tıp Fakültesi | N75: =VLOOKUP(Personel!A75,denem!A:AC,12,0) -> 44220 | O75: =PROPER(VLOOKUP(Personel!A75,denem!A:AC,13,0)) -> 32343/35811 | X75: Aktif | AC75: clean
A76: 11369524472 | B76: Hikmet Arıkan | C76: =VLOOKUP(Personel!A76,denem!A:AC,8,0) -> #N/A | D76: =VLOOKUP(Personel!A76,denem!A:AC,9,0) -> #N/A | F76: Hemşire | H76: #N/A | I76: #N/A | K76: #N/A | L76: =PROPER(VLOOKUP(Personel!A76,denem!A:AC,10,0)) -> #N/A | M76: =PROPER(VLOOKUP(Personel!A76,denem!A:AC,11,0)) -> #N/A | N76: =VLOOKUP(Personel!A76,denem!A:AC,12,0) -> #N/A | O76: =PROPER(VLOOKUP(Personel!A76,denem!A:AC,13,0)) -> #N/A | X76: Aktif | AC76: clean
A77: 48832538292 | B77: Hilal Erva Acar | C77: =VLOOKUP(Personel!A77,denem!A:AC,8,0) -> #N/A | D77: =VLOOKUP(Personel!A77,denem!A:AC,9,0) -> #N/A | F77: Araştırma Görevlisi (Kurum Dışı) | H77: #N/A | I77: #N/A | K77: #N/A | L77: =PROPER(VLOOKUP(Personel!A77,denem!A:AC,10,0)) -> #N/A | M77: =PROPER(VLOOKUP(Personel!A77,denem!A:AC,11,0)) -> #N/A | N77: =VLOOKUP(Personel!A77,denem!A:AC,12,0) -> #N/A | O77: =PROPER(VLOOKUP(Personel!A77,denem!A:AC,13,0)) -> #N/A | X77: Aktif | AC77: clean
A78: 11113132182 | B78: Hilmi Demirci | C78: =VLOOKUP(Personel!A78,denem!A:AC,8,0) -> BEYPAZARI | D78: =VLOOKUP(Personel!A78,denem!A:AC,9,0) -> 25836 | F78: Sağlık Teknikeri | H78: 4209 5743 | I78: 36117 | K78: hilmidemirci34@hotmail.com | L78: =PROPER(VLOOKUP(Personel!A78,denem!A:AC,10,0)) -> İstanbul Üniversitesi | M78: =PROPER(VLOOKUP(Personel!A78,denem!A:AC,11,0)) -> Cerrahpaşa Sağ. Hiz. Mes. Yo Radyoloji Bölümü | N78: =VLOOKUP(Personel!A78,denem!A:AC,12,0) -> 33239 | O78: =PROPER(VLOOKUP(Personel!A78,denem!A:AC,13,0)) -> 115 | X78: Aktif | AC78: clean
A79: 31508322790 | B79: Hilmi Korkmaz | C79: =VLOOKUP(Personel!A79,denem!A:AC,8,0) -> #N/A | D79: =VLOOKUP(Personel!A79,denem!A:AC,9,0) -> #N/A | F79: Vasıfsız İşçi (İşçi) | H79: #N/A | I79: #N/A | K79: #N/A | L79: =PROPER(VLOOKUP(Personel!A79,denem!A:AC,10,0)) -> #N/A | M79: =PROPER(VLOOKUP(Personel!A79,denem!A:AC,11,0)) -> #N/A | N79: =VLOOKUP(Personel!A79,denem!A:AC,12,0) -> #N/A | O79: =PROPER(VLOOKUP(Personel!A79,denem!A:AC,13,0)) -> #N/A | X79: Aktif | AC79: clean
A80: 12056674562 | B80: Hümeyra Sıvacı | C80: =VLOOKUP(Personel!A80,denem!A:AC,8,0) -> Pazarcık | D80: =VLOOKUP(Personel!A80,denem!A:AC,9,0) -> 0 | F80: Sağlık Teknikeri | H80: 4209 - 7320 | I80: 40910 | K80: birdiziizi@hotmail.com | L80: =PROPER(VLOOKUP(Personel!A80,denem!A:AC,10,0)) -> Selçuk Üniversitesi | M80: =PROPER(VLOOKUP(Personel!A80,denem!A:AC,11,0)) -> Sağ. Hiz. Mes. Yo Tıbbi Görüntüleme Teknikeri | N80: =VLOOKUP(Personel!A80,denem!A:AC,12,0) -> 39511 | O80: =PROPER(VLOOKUP(Personel!A80,denem!A:AC,13,0)) -> 867040003 | X80: Aktif | AC80: clean
A81: 24637635220 | B81: İbrahim Halil Akkış | C81: =VLOOKUP(Personel!A81,denem!A:AC,8,0) -> Tarsus | D81: =VLOOKUP(Personel!A81,denem!A:AC,9,0) -> 35295 | F81: Araştırma Görevlisi (Kurum Dışı) | H81: #N/A | I81: #N/A | K81: ibrahimakkis@gmail.com | L81: =PROPER(VLOOKUP(Personel!A81,denem!A:AC,10,0)) -> İstanbul Üniversitesi | M81: =PROPER(VLOOKUP(Personel!A81,denem!A:AC,11,0)) -> Cerrahpaşa Tıp Fakültesi | N81: =VLOOKUP(Personel!A81,denem!A:AC,12,0) -> 44400 | O81: =PROPER(VLOOKUP(Personel!A81,denem!A:AC,13,0)) -> Dr243724 | X81: Aktif | AC81: clean
A82: 29821659372 | B82: İlkay Karsavran Öztürk | C82: =VLOOKUP(Personel!A82,denem!A:AC,8,0) -> #N/A | D82: =VLOOKUP(Personel!A82,denem!A:AC,9,0) -> #N/A | F82: Diğer Personel (Ş) | H82: #N/A | I82: #N/A | K82: #N/A | L82: =PROPER(VLOOKUP(Personel!A82,denem!A:AC,10,0)) -> #N/A | M82: =PROPER(VLOOKUP(Personel!A82,denem!A:AC,11,0)) -> #N/A | N82: =VLOOKUP(Personel!A82,denem!A:AC,12,0) -> #N/A | O82: =PROPER(VLOOKUP(Personel!A82,denem!A:AC,13,0)) -> #N/A | X82: Aktif | AC82: clean
A83: 15095653802 | B83: İlknur Akgünlü | C83: =VLOOKUP(Personel!A83,denem!A:AC,8,0) -> 0 | D83: =VLOOKUP(Personel!A83,denem!A:AC,9,0) -> 28739 | F83: Sağlık Teknikeri | H83: 4209-6982 | I83: 40739 | K83: iakgunlu@yahoo.com | L83: =PROPER(VLOOKUP(Personel!A83,denem!A:AC,10,0)) -> İstanbul Üniversitesi | M83: =PROPER(VLOOKUP(Personel!A83,denem!A:AC,11,0)) -> Sağ. Hiz. Mes. Yo Radyoloji Bölümü | N83: =VLOOKUP(Personel!A83,denem!A:AC,12,0) -> 35692 | O83: =PROPER(VLOOKUP(Personel!A83,denem!A:AC,13,0)) -> 853 | X83: Aktif | AC83: clean
A84: 12983078648 | B84: İnci Uzala Moran | C84: =VLOOKUP(Personel!A84,denem!A:AC,8,0) -> #N/A | D84: =VLOOKUP(Personel!A84,denem!A:AC,9,0) -> #N/A | F84: Araştırma Görevlisi | H84: #N/A | I84: #N/A | K84: #N/A | L84: =PROPER(VLOOKUP(Personel!A84,denem!A:AC,10,0)) -> #N/A | M84: =PROPER(VLOOKUP(Personel!A84,denem!A:AC,11,0)) -> #N/A | N84: =VLOOKUP(Personel!A84,denem!A:AC,12,0) -> #N/A | O84: =PROPER(VLOOKUP(Personel!A84,denem!A:AC,13,0)) -> #N/A | X84: Aktif | AC84: clean
A85: 28712582386 | B85: İsa Durak | C85: =VLOOKUP(Personel!A85,denem!A:AC,8,0) -> #N/A | D85: =VLOOKUP(Personel!A85,denem!A:AC,9,0) -> #N/A | F85: Hemşire | H85: #N/A | I85: #N/A | K85: #N/A | L85: =PROPER(VLOOKUP(Personel!A85,denem!A:AC,10,0)) -> #N/A | M85: =PROPER(VLOOKUP(Personel!A85,denem!A:AC,11,0)) -> #N/A | N85: =VLOOKUP(Personel!A85,denem!A:AC,12,0) -> #N/A | O85: =PROPER(VLOOKUP(Personel!A85,denem!A:AC,13,0)) -> #N/A | X85: Aktif | AC85: clean
A86: 35203682166 | B86: İsmail Çor | C86: =VLOOKUP(Personel!A86,denem!A:AC,8,0) -> #N/A | D86: =VLOOKUP(Personel!A86,denem!A:AC,9,0) -> #N/A | F86: Sağlık Teknikeri | H86: #N/A | I86: #N/A | K86: #N/A | L86: =PROPER(VLOOKUP(Personel!A86,denem!A:AC,10,0)) -> #N/A | M86: =PROPER(VLOOKUP(Personel!A86,denem!A:AC,11,0)) -> #N/A | N86: =VLOOKUP(Personel!A86,denem!A:AC,12,0) -> #N/A | O86: =PROPER(VLOOKUP(Personel!A86,denem!A:AC,13,0)) -> #N/A | X86: Aktif | AC86: clean
A87: 11828330422 | B87: İsmail Sarıgüzel | C87: =VLOOKUP(Personel!A87,denem!A:AC,8,0) -> Düzce | D87: =VLOOKUP(Personel!A87,denem!A:AC,9,0) -> 26726 | F87: Laborant | H87: 4209-5133 | I87: 34297 | K87: i.sariguzel@hotmail.com | L87: =PROPER(VLOOKUP(Personel!A87,denem!A:AC,10,0)) -> Bakırköy Sağlık Meslek Lisesi | M87: =PROPER(VLOOKUP(Personel!A87,denem!A:AC,11,0)) -> Radyoloji Bölümü | N87: =VLOOKUP(Personel!A87,denem!A:AC,12,0) -> 35796 | O87: =PROPER(VLOOKUP(Personel!A87,denem!A:AC,13,0)) | X87: Aktif | AC87: clean
A88: 23369438840 | B88: İzzettin Akyüz | C88: =VLOOKUP(Personel!A88,denem!A:AC,8,0) -> #N/A | D88: =VLOOKUP(Personel!A88,denem!A:AC,9,0) -> #N/A | F88: Hemşire | H88: #N/A | I88: #N/A | K88: #N/A | L88: =PROPER(VLOOKUP(Personel!A88,denem!A:AC,10,0)) -> #N/A | M88: =PROPER(VLOOKUP(Personel!A88,denem!A:AC,11,0)) -> #N/A | N88: =VLOOKUP(Personel!A88,denem!A:AC,12,0) -> #N/A | O88: =PROPER(VLOOKUP(Personel!A88,denem!A:AC,13,0)) -> #N/A | X88: Aktif | AC88: clean
A89: 47773688998 | B89: Kadir Kahyaroğlu | C89: =VLOOKUP(Personel!A89,denem!A:AC,8,0) -> #N/A | D89: =VLOOKUP(Personel!A89,denem!A:AC,9,0) -> #N/A | F89: Hastane Hizmetlisi (İşçi) | H89: #N/A | I89: #N/A | K89: #N/A | L89: =PROPER(VLOOKUP(Personel!A89,denem!A:AC,10,0)) -> #N/A | M89: =PROPER(VLOOKUP(Personel!A89,denem!A:AC,11,0)) -> #N/A | N89: =VLOOKUP(Personel!A89,denem!A:AC,12,0) -> #N/A | O89: =PROPER(VLOOKUP(Personel!A89,denem!A:AC,13,0)) -> #N/A | X89: Aktif | AC89: clean
A90: 15311539446 | B90: Kadriye Karaca | C90: =VLOOKUP(Personel!A90,denem!A:AC,8,0) -> Karamürsel | D90: =VLOOKUP(Personel!A90,denem!A:AC,9,0) -> 28834 | F90: Sağlık Teknikeri | H90: 4209-5740 | I90: 36143 | K90: kaDoktoriyekrc1453@gmail.com | L90: =PROPER(VLOOKUP(Personel!A90,denem!A:AC,10,0)) -> İstanbul Üniversitesi | M90: =PROPER(VLOOKUP(Personel!A90,denem!A:AC,11,0)) -> Cerrahpaşa Sağ. Hiz. Mes. Yo Radyoloji Bölümü | N90: =VLOOKUP(Personel!A90,denem!A:AC,12,0) -> 35944 | O90: =PROPER(VLOOKUP(Personel!A90,denem!A:AC,13,0)) -> 421 | X90: Aktif | AC90: clean
A91: 22121568030 | B91: Kadriye Yılmaz | C91: =VLOOKUP(Personel!A91,denem!A:AC,8,0) -> Kocaali | D91: =VLOOKUP(Personel!A91,denem!A:AC,9,0) -> 32806 | F91: Sağlık Teknisyeni | H91: 4209_7403 | I91: 41562 | K91: kadrye_keles@hotmail.com | L91: =PROPER(VLOOKUP(Personel!A91,denem!A:AC,10,0)) -> Şişli Saglık Meslek Lisesi | M91: =PROPER(VLOOKUP(Personel!A91,denem!A:AC,11,0)) -> Sağ. Hiz. Mes. Yo Radyoloji Bölümü | N91: =VLOOKUP(Personel!A91,denem!A:AC,12,0) -> 39612 | O91: =PROPER(VLOOKUP(Personel!A91,denem!A:AC,13,0)) -> 78 | X91: Aktif | AC91: clean
A92: 40522140952 | B92: Kemal Altay | C92: =VLOOKUP(Personel!A92,denem!A:AC,8,0) -> Osmangazi | D92: =VLOOKUP(Personel!A92,denem!A:AC,9,0) -> 35255 | F92: Araştırma Görevlisi | H92: #N/A | I92: #N/A | K92: kemalty16@gmail.com | L92: =PROPER(VLOOKUP(Personel!A92,denem!A:AC,10,0)) -> İ.Ü Cerrahpaşa Tıp Fakültesi | M92: =PROPER(VLOOKUP(Personel!A92,denem!A:AC,11,0)) -> Cerrahpaşa Tıp Fakültesi | N92: =VLOOKUP(Personel!A92,denem!A:AC,12,0) -> 44075 | O92: =PROPER(VLOOKUP(Personel!A92,denem!A:AC,13,0)) -> 15951 | X92: Aktif | AC92: clean
A93: 10284016888 | B93: Kübra Gültaş | C93: =VLOOKUP(Personel!A93,denem!A:AC,8,0) -> İstanbul | D93: =VLOOKUP(Personel!A93,denem!A:AC,9,0) -> 35648 | F93: Sağlık Teknikeri | H93: SZ-3494 | I93: 44866 | K93: kubra_gmusss@hotmail.com | L93: =PROPER(VLOOKUP(Personel!A93,denem!A:AC,10,0)) -> Acıbadem Üniversitesi | M93: =PROPER(VLOOKUP(Personel!A93,denem!A:AC,11,0)) -> Sağ. Hiz. Mes. Yo Tıbbi Görüntüleme Teknikeri | N93: =VLOOKUP(Personel!A93,denem!A:AC,12,0) -> 43251 | O93: =PROPER(VLOOKUP(Personel!A93,denem!A:AC,13,0)) -> 20170727007 | X93: Aktif | AC93: clean
A94: 52225546382 | B94: Kübranur Duman | C94: =VLOOKUP(Personel!A94,denem!A:AC,8,0) -> #N/A | D94: =VLOOKUP(Personel!A94,denem!A:AC,9,0) -> #N/A | F94: Araştırma Görevlisi (Kurum Dışı) | H94: #N/A | I94: #N/A | K94: #N/A | L94: =PROPER(VLOOKUP(Personel!A94,denem!A:AC,10,0)) -> #N/A | M94: =PROPER(VLOOKUP(Personel!A94,denem!A:AC,11,0)) -> #N/A | N94: =VLOOKUP(Personel!A94,denem!A:AC,12,0) -> #N/A | O94: =PROPER(VLOOKUP(Personel!A94,denem!A:AC,13,0)) -> #N/A | X94: Aktif | AC94: clean
A95: 11387331502 | B95: Mehmet Barburoğlu | C95: =VLOOKUP(Personel!A95,denem!A:AC,8,0) -> ANTAKYA | D95: =VLOOKUP(Personel!A95,denem!A:AC,9,0) -> 30748 | F95: Doçent | H95: #N/A | I95: #N/A | K95: barburmehmet@gmail.com | L95: =PROPER(VLOOKUP(Personel!A95,denem!A:AC,10,0)) -> Cerrahpaşa Tıp Fakültesi | M95: =PROPER(VLOOKUP(Personel!A95,denem!A:AC,11,0)) -> Cerrahpaşa Tıp Fakültesi | N95: =VLOOKUP(Personel!A95,denem!A:AC,12,0) -> 40020 | O95: =PROPER(VLOOKUP(Personel!A95,denem!A:AC,13,0)) -> 12376 | X95: Aktif | AC95: clean
A96: 19640207694 | B96: Mehmet Küskü | C96: =VLOOKUP(Personel!A96,denem!A:AC,8,0) -> İstanbul | D96: =VLOOKUP(Personel!A96,denem!A:AC,9,0) -> 26458 | F96: Sağlık Teknikeri | H96: 4209-7260 | I96: 41593 | K96: mehmetkusku@yahoo.com | L96: =PROPER(VLOOKUP(Personel!A96,denem!A:AC,10,0)) -> İstanbul Üniversitesi | M96: =PROPER(VLOOKUP(Personel!A96,denem!A:AC,11,0)) -> Sağ. Hiz. Mes. Yo Radyoloji Bölümü | N96: =VLOOKUP(Personel!A96,denem!A:AC,12,0) -> 36917 | O96: =PROPER(VLOOKUP(Personel!A96,denem!A:AC,13,0)) | X96: Aktif | AC96: clean
A97: 16019689662 | B97: Mehmet Nur Önder | C97: =VLOOKUP(Personel!A97,denem!A:AC,8,0) -> #N/A | D97: =VLOOKUP(Personel!A97,denem!A:AC,9,0) -> #N/A | F97: Araştırma Görevlisi | H97: #N/A | I97: #N/A | K97: #N/A | L97: =PROPER(VLOOKUP(Personel!A97,denem!A:AC,10,0)) -> #N/A | M97: =PROPER(VLOOKUP(Personel!A97,denem!A:AC,11,0)) -> #N/A | N97: =VLOOKUP(Personel!A97,denem!A:AC,12,0) -> #N/A | O97: =PROPER(VLOOKUP(Personel!A97,denem!A:AC,13,0)) -> #N/A | X97: Aktif | AC97: clean
A98: 50233001510 | B98: Mehmet Semih Çakır | C98: =VLOOKUP(Personel!A98,denem!A:AC,8,0) -> #N/A | D98: =VLOOKUP(Personel!A98,denem!A:AC,9,0) -> #N/A | F98: Doktor Öğretim Üyesi | H98: #N/A | I98: #N/A | K98: #N/A | L98: =PROPER(VLOOKUP(Personel!A98,denem!A:AC,10,0)) -> #N/A | M98: =PROPER(VLOOKUP(Personel!A98,denem!A:AC,11,0)) -> #N/A | N98: =VLOOKUP(Personel!A98,denem!A:AC,12,0) -> #N/A | O98: =PROPER(VLOOKUP(Personel!A98,denem!A:AC,13,0)) -> #N/A | X98: Aktif | AC98: clean
A99: 14993965512 | B99: Melek Ulu | C99: =VLOOKUP(Personel!A99,denem!A:AC,8,0) -> #N/A | D99: =VLOOKUP(Personel!A99,denem!A:AC,9,0) -> #N/A | F99: Hemşire | H99: #N/A | I99: #N/A | K99: #N/A | L99: =PROPER(VLOOKUP(Personel!A99,denem!A:AC,10,0)) -> #N/A | M99: =PROPER(VLOOKUP(Personel!A99,denem!A:AC,11,0)) -> #N/A | N99: =VLOOKUP(Personel!A99,denem!A:AC,12,0) -> #N/A | O99: =PROPER(VLOOKUP(Personel!A99,denem!A:AC,13,0)) -> #N/A | X99: Aktif | AC99: clean
A100: 19091230050 | B100: Melek Ünal Öneş | C100: =VLOOKUP(Personel!A100,denem!A:AC,8,0) -> İstanbul | D100: =VLOOKUP(Personel!A100,denem!A:AC,9,0) -> 29653 | F100: Sağlık Teknikeri | H100: 4209-7395 | I100: 41001 | K100: melekunal_1981@hotmail.com | L100: =PROPER(VLOOKUP(Personel!A100,denem!A:AC,10,0)) -> Kadir Has Üniversitesi | M100: =PROPER(VLOOKUP(Personel!A100,denem!A:AC,11,0)) -> Sağ. Hiz. Mes. Yo Tıbbi Görüntüleme Teknikeri | N100: =VLOOKUP(Personel!A100,denem!A:AC,12,0) -> 37785 | O100: =PROPER(VLOOKUP(Personel!A100,denem!A:AC,13,0)) -> 138 | X100: Aktif | AC100: clean
...

Sheet denem
A1: T.C. Kimlik No | B1: Ad Soyad | C1: E-posta Adresi | D1: Vesikalık Fotograf | E1: Unvanı | F1: Görevi | G1: Baba Adı | H1: Doğum Yeri / Tarihi | I1: Sütun1 | J1: Mezun Olduğu Okul / Yüksek Okul / Fakülte | K1: Sütun2 | L1: Diploma Tarih ve No | M1: Sütun4 | N1: Uzmanlık Belgesi Tarih ve No (Varsa)
A2: 27274354172 | B2: A. Önder Dönmez | C2: onderdonmez15@gmail.com | D2: https://Doktorive.google.com/open?id=1xD2OR936EMERrgEFQFK-b6HMxP5Thp0T | E2: Sağlık Teknikeri | F2: Radyoloji Teknikeri | G2: Ömer | H2: Yeşilova | I2: 26299 | J2: İst. Üni. | K2: Sağ. Hiz. Mes. YO Radyoloji Bölümü | L2: 34684 | M2: 185 | N2: ----
A3: 18199300764 | B3: Abdurrahman AVCIOĞLU | C3: aavcioglu97@gmail.com | D3: https://drive.google.com/open?id=1FDUcBJxUQtNFjYG5KZplRaWO0P0gVmnr | E3: Asistan Doktor | F3: Doktor | G3: Erkan | H3: Afyonkarahisar | I3: 35661 | J3: İstanbul üniversitesi | K3: Cerrahpaşa tıp fakültesi | L3: 44554 | M3: 244963
A4: 15869294644 | B4: Ahmet Yasin Karkaş | C4: yasinkarkas@gmail.com | D4: https://Doktorive.google.com/open?id=1fvzep5d9sr8lmMeUweX56wmQf1aU02Fi | E4: Araştırma Görevlisi, Doktor | F4: Tıpta Uzmanlık Öğrencisi | G4: Murat | H4: Van | I4: 34419 | J4: İstanbul Üniversitesi | K4: İstanbul Tıp Fakültesi | L4: 43289 | M4: 31304/34772
A5: 19645682168 | B5: Ahmet Yılmaz | C5: ahmetyilmazin@gmail.com | D5: https://drive.google.com/open?id=1820zlQZ0aHnZmE2egFshM3H9XNsYO4t7 | E5: Laborant | F5: Radyoloji teknikeri | G5: Hasan | H5: Kaldırımbaşı | I5: 26055 | J5: İstanbul üniversitesi | K5: Sağ. Hiz. Mes. YO Radyoloji Bölümü | L5: 34942 | M5: 241
A6: 16499844230 | B6: Ali ozan malkoç | C6: aliozanmalkoc@msn.com | D6: https://drive.google.com/open?id=1u_9qOB50KyFNDOLveAa5vEkPPu51IBEV | E6: Radyoloji teknikeri | F6: Sağlık teknikeri | G6: Recep | H6: Bakırköy | I6: 30752 | J6: İstanbul universitesi | K6: Sağ. Hiz. Mes. YO Radyoloji Bölümü | L6: 39267 | M6: 881
A7: 31621815018 | B7: Artür Salmaslıoğlu | C7: asalmaslioglu@gmail.com | D7: https://drive.google.com/open?id=1qD73PTajtE8lmOxl7b91Vig9wH5BY3ms | E7: Prof. Dr. | F7: Radyoloji ABD Doktor | G7: Kevork | H7: İstanbul | I7: 28024 | J7: İstanbul Üniversitesi | K7: İstanbul Tıp Fakültesi | L7: 37043 | M7: 24838-28306 | N7: 16.09.2005 68241
A8: 19277490100 | B8: ARZU AKSÜT | C8: arzuaksut@hotmail.com | D8: https://drive.google.com/open?id=1rPu0Ybrej_LUgLRSsjka3BmxvMhBfD6X | E8: RADYOLOJİ TEKNİKERİ | F8: RADYOLOJİ TEKNİKERİ | G8: CELİL | H8: IĞDIR | J8: MARMARA ÜNİVERSİTESİ | K8: Sağ. Hiz. Mes. YO Radyoloji Bölümü | L8: 33604 | M8: 11
A9: 25364482644 | B9: Arzu Çelik | C9: arzuozercelik@gmail.com | D9: https://Doktorive.google.com/open?id=1zO7IKbY98goYnhlu9w4j_LQPiw-MtYKx | E9: Sağlık Teknikeri | F9: Radyoloji Teknikeri | G9: Hayrettin | H9: Samsun | I9: 32686 | J9: İstanbul Üniversitesi | K9: Sağ. Hiz. Mes. YO Radyoloji Bölümü | L9: 40164 | M9: 1903
A10: 41281522522 | B10: Arzu Poyanlı | C10: arzupoyanli@yahoo.com | D10: https://drive.google.com/open?id=1jiT5uNApBZBcWOk-rGO-18dFspFAO5qz | E10: Prof. Dr | F10: Doktor | G10: Kazım Armağan | I10: 26055 | J10: İstanbul Üniversitesi | K10: İstanbul Tıp Fakültesi | L10: 34180 | M10: 21852/25320 | N10: Uzmanlık tarihi 22.05.1997, tescil: 56011 67805, kayıt tarihi: 07.03.2002
A11: 21521659898 | B11: Arzu Şahin | C11: elifarzu.1982@gmail.com | D11: https://drive.google.com/open?id=16JL5S2aobzBtWJ6m_12Z9d_1MGw-dPZN | E11: Sağlık teknikeri | F11: Radyoloji teknikeri | G11: Cemal | H11: Tokat | I11: 30109 | J11: Ankara üniversitesi | K11: Sağ. Hiz. Mes. YO Radyoloji Bölümü | L11: 37476 | M11: 1933
A12: 38554317466 | B12: ATADAN TUNACI | C12: ATATUNA@GMAIL.COM | D12: https://drive.google.com/open?id=1fGLW-Yp5szAephj-6KgPVD-yavzWNCTR | E12: PROFESÖR DOKTOR | F12: RADYOLOJİ | G12: MEHMET | I12: 23965 | J12: İstanbul Üniversitesi | K12: İstanbul Tıp Fakültesi | L12: 32143
A13: 67864076688 | B13: Ayhan Arslanoglu | C13: ayhan.arslanoglu@istabul.edu.tr | D13: https://drive.google.com/open?id=158dQb5WFZqBjP6X_jBW1JdKpw_ak9Udt | E13: Sağlık Teknikeri | F13: Radyoloji teknikeri | G13: Hüseyin Fikri | H13: Ankara | I13: 27884 | J13: Gazi üniversitesi | K13: Sağ. Hiz. Mes. YO Radyoloji Bölümü | L13: 35450 | M13: 94102
A14: 18418193320 | B14: Ayşe İbiş | C14: ayseibis@istanbul.edu.tr | D14: https://drive.google.com/open?id=183loTrCwbRoXE1qJ4qvJgodef0zkfItI | E14: Araştırma Görevlisi | F14: Doktor | G14: Ömer | H14: Besni | I14: 33551 | J14: Çukurova Üniversitesi | K14: Tıp Fakültesi | L14: 42005 | M14: 176614
A15: 21661184694 | B15: Banu Solak | C15: banu.solak@istanbul.edu.tr | D15: https://Doktorive.google.com/open?id=1UGO-2JO7IM6oZi_hi6rhbskFCoPSYK4f | E15: Uzmanlık Öğrencisi | F15: Asistan doktor | G15: Hikmet | H15: Balıkesir | I15: 35296 | J15: İstanbul üniversitesi | K15: İstanbul Tıp Fakültesi | L15: 44024 | M15: 31987/35455
A16: 16105981854 | B16: BARIŞ BAKIR | C16: drbarisbakir@yahoo.com | D16: https://drive.google.com/open?id=1VS-h05Fid-Hv9IhnJh5OX7NLMaOnUQTA | E16: Profesör | F16: Radyoloji Uzmanı | G16: Zeki | H16: Erzurum | I16: 27241 | J16: Ankara Üniversitesi | K16: Tıp Fakültesi | L16: 36780 | M16: 12437 | N16: 21/10/2004 75867
A17: 37855404714 | B17: Belis Tozlu | C17: bbelistozlu@gmail.com | D17: https://drive.google.com/open?id=1Yp4VgQ2ek-iKXFBgnUvjr42MbzbDIchT | E17: Asistan Doktor | F17: Doktor | G17: Zafer | H17: Ordu | I17: 35185 | J17: Ankara Üniversitesi | K17: Tıp Fakültesi | L17: 44012 | M17: 2020-09-0346
A18: 16673314078 | B18: Berke Ersoy | C18: berke.ersoy@istanbul.edu.tr | D18: https://Doktorive.google.com/open?id=1jLozGU4VH4qixAfJNInsg-GumtLUmcGi | E18: Tıpta Uzmanlık Öğrencisi | F18: Doktor | G18: Muzaffer | H18: İstanbul | I18: 33970 | J18: İstanbul üniversitesi | K18: İstanbul Tıp Fakültesi | L18: 42911 | M18: 34148
A19: 20485675074 | B19: BERNA TOMAÇ | C19: brnolgun_90@hotmail.com | D19: https://drive.google.com/open?id=1A8rIcGpaQrHYDXFBl6NlP0K7nJIdUbK0 | E19: SAĞLIK TEKNİKERİ | F19: RADYOLOJİ TEKNİKERİ | G19: SÜLEYMAN | H19: İstanbul | I19: 32898 | J19: MARMARA ÜNİVERSİTESİ | K19: Sağ. Hiz. Mes. YO Radyoloji Bölümü | L19: 40400 | M19: 547
A20: 18163287602 | B20: Bilal Karavil | C20: bllkrvl26@gmail.com | D20: https://drive.google.com/open?id=1Gn1bHRjhc9v2ugFgI_Rz3l1vfL1iUSBd | E20: Diğer Sağlık Personeli | F20: Radyoloji Teknikeri | G20: Aydın | I20: 36014 | J20: Eskişehir Osmangazi Üniversitesi | K20: Sağ. Hiz. Mes. YO Radyoloji Bölümü | L20: 43873 | M20: 165771
A21: 17270107162 | B21: Bilgin Nabi COŞKUN | C21: bncoskun@istanbul.edu.tr | D21: https://Doktorive.google.com/open?id=1hQUOdbu6qzEYm2PtvnrhU5GaVl6ReEcB | E21: Doktor | F21: Arş.Gör | G21: Erhan | I21: 34152 | J21: Karadeniz Teknik Üniversitesi | K21: Tıp Fakültesi | L21: 42736 | M21: 0601.57
A22: 14522068356 | B22: Birsen Fırat | C22: birsenfirat99@gmail.com | D22: https://drive.google.com/open?id=15Ma7gPrlG2GKIrDICvMdomiTI4GiGbhA | E22: Laborant | F22: Radyoloji teknisyeni | G22: Hüseyin | H22: Silivri | I22: 27576 | J22: Uludağ Üniversitesi | K22: Bursa Sağ. Hiz. Mes. YO Radyoloji Bölümü | L22: 34206 | M22: 27211
A23: 13352305068 | B23: Burak şan | C23: buraksann070@gmail.com | D23: https://Doktorive.google.com/open?id=1XUsbjt7GLstuyztM9nGArMPAVueUW5_r | E23: Radyoloji Teknikeri | F23: Radyoloji Teknikeri | G23: Ejder | H23: Kahramanmaraş | I23: 35203 | J23: Nişantaşı üniversitesi | K23: Sağ. Hiz. Mes. YO Radyoloji Bölümü | L23: 42898
A24: 13856278820 | B24: Bülent Acunaş | C24: acunasb@hotmail.com | D24: https://Doktorive.google.com/open?id=1sRfjLgopLqnpd1yw6ylLEp_FNejt6XrP | E24: Prof. Doktor. | F24: Öğretim Üyesi | G24: Ali | H24: Samsun | I24: 20719 | J24: İstanbul üniversitesi | K24: İstanbul Tıp Fakültesi | L24: 29221 | M24: 19703 | N24: 14.03.1985. 22447
A25: 13117894240 | B25: Caner varol | C25: caner-varol@hotmail.com | D25: https://drive.google.com/open?id=1Eg09th1430UMruQJIlPD_TeI9jRBcDiV | E25: Radyoloji Teknikeri | F25: BT TEKNİKERİ | G25: Mustafa | H25: Çanakkale | I25: 36266 | J25: Ege Üniversitesi | K25: Atatürk Sağ. Hiz. Mes. YO Radyoloji Bölümü | L25: 43993
A26: 24359170214 | B26: Celal Caner Ercan | C26: celalcaner@msn.com | D26: https://Doktorive.google.com/open?id=1VYqmQglbDsYS-trbVPJ9GmsAfYNU3d5C | E26: Doktor | F26: Asistan Doktor | G26: Cevat | H26: İstanbul | I26: 33348 | J26: İstanbul üniversitesi | K26: İstanbul Tıp Fakültesi | L26: 42540 | M26: 30093/33561
A27: 60142116854 | B27: Cem Kara | C27: cem.kara@istanbul.edu.tr | D27: https://drive.google.com/open?id=190nK3W9YoxQ_9HHkcdCkcqyB-4oDa7CQ | E27: Radyoloji Teknikeri | F27: Radyoloji Teknikeri | G27: Şerif | H27: Manisa | I27: 27891 | J27: Marmara Üniversitesi | K27: Sağ. Hiz. Mes. YO Radyoloji Bölümü | L27: 35667 | M27: 140
A28: 20707846060 | B28: cemiloguzcan@hotmail.com | C28: cemiloguzcan@hotmail.com | D28: https://Doktorive.google.com/open?id=16CHIk85DCEFS8lCrO5IORzw6O5ngNbvE | E28: Radyoloji Teknikeri | F28: Acil röntgen | G28: Adil | H28: Kemah | I28: 30317 | J28: İstanbul bilim üniversitesi | K28: Sağ. Hiz. Mes. YO Radyoloji Bölümü | L28: 39632 | M28: 29
A29: 30679636910 | B29: Cüneyt Hebip | C29: cuneyt.hebip@gmail.com | D29: https://drive.google.com/open?id=1OtCfpLLuX5CGDhwCkmYQ9EGEFKXtsINZ | E29: Radyoloji Teknikeri | F29: Radyoloji Teknikeri | G29: Erdoğan | H29: İstanbul | I29: 33035 | J29: İstanbul Üniversitesi | K29: Sağ. Hiz. Mes. YO Radyoloji Bölümü | L29: 40728 | M29: 969
A30: 33955916348 | B30: Çiğdem Eren | C30: gs.cigdem_90@hotmail.com | D30: https://Doktorive.google.com/open?id=1IcpfOs5fXSQVfPWYS_h1lHM-aYNLFj82 | E30: Sağlık Teknikeri | F30: Sağlik Teknikeri | G30: Ergün | H30: İzmit | I30: 32919 | J30: İstabul universitesi | K30: Sağ. Hiz. Mes. YO Radyoloji Bölümü | L30: 40333 | M30: 907
A31: 41098254104 | B31: DAVUD BAHADIR YILDIRIM | C31: bahadiryildir@gmail.con | D31: https://drive.google.com/open?id=1YMZPxoq0KQFr2tzdwXCd-E83EdCZNlpc | E31: Araştırma Görevlisi | F31: Doktor | G31: Nihat | H31: Gaziantep | I31: 34776 | J31: Ankara Üniversitesi | K31: Tıp Fakültesi | L31: 43852 | M31: 2020-09-0049
A32: 59701516396 | B32: Deniz Aslan | C32: ensalp2018@gmail.com | D32: https://drive.google.com/open?id=1_GMXyXHFFpxeJI9flGCyDF45BTf-92C8 | E32: Sağlık Teknikleri | F32: Radyoloji ABD | G32: Şaban | H32: İstanbul | I32: 33095 | J32: İstanbul Üniversitesi | K32: Sağ. Hiz. Mes. YO Radyoloji Bölümü | L32: 40347 | M32: 905
A33: 72499060568 | B33: Edanur Karapınar | C33: edanurkarapinar@istanbul.edu.tr | D33: https://Doktorive.google.com/open?id=15lPgts4bIC7vjZ4j9j54Kz0DeNZ4O7At | E33: Araştırma Görevlisi Doktor | F33: Tıpta uzmanlık öğrencisi | G33: Ertuğrul Halit | H33: İstanbul | I33: 34127 | J33: İstanbul Tıp Fakültesi | K33: İstanbul Tıp Fakültesi | L33: 43492 | M33: 31373/34841
A34: 27259973206 | B34: Ekrem Çok | C34: 34ekremcok@gmail.com | D34: https://drive.google.com/open?id=1F1Ex0dKey_vfPVJI54qnzazVaetPmkNO | E34: Tıbbi Görüntüleme Teknikeri | F34: Tekniker | G34: Nadir | H34: İstanbul | I34: 34340 | J34: Nişantaşı Üniversitesi | K34: Tıbbi Görüntüleme M.Y.0
A35: 12247655530 | B35: Elif Şentürk Toraman | C35: Esenturk1403@gmail.com | D35: https://drive.google.com/open?id=12iTJGD_BwIsKj6a0YBqKrxsLdT9nqLpc | E35: Sağlık Teknikeri | F35: Radyoloji Teknikeri | G35: Hüseyin | H35: Borçka | I35: 32258 | J35: İstanbul üniversitesi | K35: Sağ. Hiz. Mes. YO Radyoloji Bölümü | L35: 39633 | M35: 841
A36: 31388172744 | B36: Emine İnan | C36: emineinan001@gmail.com | D36: https://drive.google.com/open?id=1dWkOxNYwvqG6S2KgYHB3mv9vgASJF6FX | E36: Teknisyen | F36: Röntgen Teknisyeni | G36: Nezir | H36: Batman | I36: 35432 | J36: İstanbul Medipol Üniversitesi | K36: Sağ. Hiz. Mes. YO Radyoloji Bölümü | L36: 42894 | M36: 17HM0026
A37: 31531851298 | B37: Emre Tolga ŞAHİN | C37: emretolgasahin@hotmail.com | D37: https://drive.google.com/open?id=15XXtbPC72f0bvhcyJlk-pootJ8PiZnAl | E37: Radyoloji teknisyeni | F37: Radyoloji teknisyeni | G37: Hamdi | H37: İstanbul | I37: 31072 | J37: Haydarpaşa Bülent Akarcalı Sağlık Meslek lisesi
A38: 20564739512 | B38: Ercan Hamarat | C38: ercan.na@hotmail.com | D38: https://Doktorive.google.com/open?id=1CfqmjYDTiLJub-FGh6QIalzjbTY32xHK | E38: Radyoloji Teknikeri | F38: Sağlık Teknikeri | G38: Hasan Hamarat | H38: Şanlıurfa | I38: 25934 | J38: Yeni Yüzyıl Üniversitesi | K38: Sağ. Hiz. Mes. YO Radyoloji Bölümü | L38: 35997 | M38: 61
A39: 27422435302 | B39: Erdal | C39: erdalagbulut@gmail.com | D39: https://drive.google.com/open?id=1puD_aX4cGOLS11dLb6w6dujzDLTmLHvU | E39: sağlık teknikeri | F39: radyoloji teknikeri | G39: İSMAİL | H39: KANGAL | I39: 25905 | J39: İstanbul üniversitesi | K39: Sağ. Hiz. Mes. YO Radyoloji Bölümü | L39: 33959 | M39: 99
A40: 56704599364 | B40: Esin korkut | C40: esinduvek@gmail.com | D40: https://Doktorive.google.com/open?id=1UQKD1uO2_ZMmFmk9q28fwC9PXPnR8EIl | E40: Uzman Doktor | F40: Doktor | G40: İbrahim | I40: 33786 | J40: İstanbul üniversitesi | K40: İstanbul Tıp Fakültesi | L40: 42540 | M40: 30186/33654 | N40: 11.11.2022 157274
A41: 37900666760 | B41: Ezgi Kara | C41: krezg@hotmail.com | D41: https://Doktorive.google.com/open?id=1UZGD33Huoou6i0tljDemjdaWtPj5VQZL | E41: Radyoloji Doktoru | F41: Radyoloji Doktoru (Uzman) | G41: Zeynel | H41: İzmir | I41: 33436 | J41: Dokuz Eylül Üniversitesi | K41: Tıp Fakültesi | L41: 42566 | M41: 201604963
A42: 24613311988 | B42: Fatih Işık | C42: fatih_ceng@hotmail.com | D42: https://drive.google.com/open?id=1mADf1yGinkaAF9cSRZp2MoLtgi3BPdNO | E42: Diğer Sağlık Personeli (Teknisyen) | F42: Radyoloji Teknisyeni | G42: Cengiz | H42: İstanbul | I42: 35949 | J42: Marmara Üniversitesi | K42: Sağ. Hiz. Mes. YO Radyoloji Bölümü | L42: 44242 | M42: 2021A350516044
A43: 45238830586 | B43: Fatih Selamet TARTICI | C43: fatih.tartici@istanbul.edu.tr | D43: https://drive.google.com/open?id=1hnDyDQoIdDQyyJPsnEcEiJiWDVfq7LN8 | E43: Sağlık Teknisyeni | F43: Radyoloji Teknisyeni | G43: Hüseyin | H43: Boyabat | I43: 32538 | J43: Marmara üniversitesi | K43: Sağ. Hiz. Mes. YO Radyoloji Bölümü | L43: 42185 | M43: 2015A350507981
A44: 54415383272 | B44: Fevzi Karahan | C44: fevzikarahan46@gmail.com | D44: https://Doktorive.google.com/open?id=1QDszzvSzR6_YH3wrtBQDoktor7Av7mzX4UOc | E44: Sağlık Teknikeri | F44: Radyoloji Teknikeri | G44: Asef | I44: 31243 | J44: İstanbul üniversitesi | K44: Cerrahpaşa Sağ. Hiz. Mes. YO Radyoloji Bölümü | L44: 39268 | M44: 819
A45: 22841362222 | B45: Fidan Koca | C45: kocakilicfidan@gmail.com | D45: https://drive.google.com/open?id=15PXv7Ij3nBWgeQedqraOWfj33KvrZZb4 | E45: Radyoloji Teknikeri | F45: Radyoloji Teknikeri | G45: Abdurrahman | I45: 29910 | J45: Çukurova üniversitesi | K45: Tıp Fakültesi | L45: 38506
A46: 50830192468 | B46: Gökhan Altinelliler | C46: gokhan.altinelliler@istanbul.edu.tr | D46: https://Doktorive.google.com/open?id=1a5fvyeEd3HtRkH_BWXSQ3hceNH6pst-U | E46: Sağlık Teknikeri | F46: Radyoloji teknikeri | G46: Mehmet Ali | H46: İsviçre | I46: 31048 | J46: Marmara Üniversitesi | K46: Sağ. Hiz. Mes. YO Tıbbi Görüntüleme Teknikeri | L46: 43139 | M46: 2018A350597982
A47: 21572485576 | B47: Görkem Durak | C47: grkmitf@gmail.com | D47: https://drive.google.com/open?id=10DX3wGiKG65k1w6wbTXlQLFIdetEwnPB | E47: Doktor | F47: Doktor | G47: Yaşar | H47: Tarsus | I47: 33970 | J47: İstanbul üniversitesi | K47: İstanbul Tıp Fakültesi | L47: 42911 | M47: 30779-34247
A48: 52498467858 | B48: Hakan Ayyıldız | C48: hakanayyildiz77@gmail.com | D48: https://drive.google.com/open?id=10RVKHrLWmi5sSNqdlnRFWlkvJ-bf6pfK | E48: Asistan Doktor | F48: Asistan Doktor | G48: Selahattin | H48: Yalova | I48: 34335 | J48: İstanbul üniversitesi | K48: Tıp Fakültesi | L48: 42923 | M48: Cİ-1630
A49: 39511597594 | B49: Hakkı tuncer | C49: buse_42554@hotmail.com | D49: https://Doktorive.google.com/open?id=1A_kDwI9YYTOwsRhnMlIl2-1JhCRwheiP | E49: Radyoloji Teknikeri | F49: Radyoloji teknikeri | G49: Muammer | H49: İstanbul | I49: 32987 | J49: Marmara üniversitesi | K49: Sağ. Hiz. Mes. YO Radyoloji Bölümü | L49: 41663 | M49: 2014A350509028 | N49: 29.08.2020 57519
A50: 3735474786 | B50: Halil karakaya | C50: hkarakaya1971@homail.com | D50: https://Doktorive.google.com/open?id=1osislJq-hk8bUiw_UnZO0gTqXt0VmS2o | E50: Radyoloji teknikeri | F50: Tekniker | G50: Şaban | H50: İstanbul | J50: İstanbul üniversitesi | K50: Cerrahpaşa Sağ. Hiz. Mes. YO Radyoloji Bölümü | L50: 34232 | M50: 163
A51: 19093830272 | B51: HASAN TAŞ | C51: htas87984@gmail.com | D51: https://Doktorive.google.com/open?id=1EXS9SvlBKQ_liYaVtCzRSyqO79Prqx9o | E51: Röntgen Teknisyeni | F51: Röntgen Teknisyeni | G51: ABDULLAH | H51: ERGANİ | I51: 36512 | J51: Bitlis Eren Üniversitesi | K51: Sağ. Hiz. Mes. YO Tıbbi Görüntüleme Teknikeri
A52: 58003101996 | B52: Helin Köse | C52: helinkose95@gmail.com | D52: https://Doktorive.google.com/open?id=19fjjPdtpLfY5Wp7WTOmVXN60qhgNQVnx | E52: Doktor. | F52: Arş. Gör. | G52: Dağıstan | H52: Kırşehir | I52: 34826 | J52: İstanbul üniversitesi | K52: İstanbul Tıp Fakültesi | L52: 44220 | M52: 32343/35811
A53: 11113132182 | B53: HİLMİ DEMİRCİ | C53: hilmidemirci34@hotmail.com | D53: https://Doktorive.google.com/open?id=1ujsFAbfth-1cGDdabZEUOHIIWyyWjdGs | E53: Sağlık Teknikeri | F53: RADYOLOJİ TEKNİKERİ | G53: MUSTAFA | H53: BEYPAZARI | I53: 25836 | J53: İstanbul üniversitesi | K53: Cerrahpaşa Sağ. Hiz. Mes. YO Radyoloji Bölümü | L53: 33239 | M53: 115
A54: 12056674562 | B54: Hümeyra Sıvacı | C54: birdiziizi@hotmail.com | D54: https://Doktorive.google.com/open?id=1otbqkNajVR6PqQz2WxZZfLGEaHZaFFLy | E54: Sağlık Teknikeri | F54: Radyoloji Teknikeri | G54: Mehmet | H54: Pazarcık | J54: Selçuk Üniversitesi | K54: Sağ. Hiz. Mes. YO Tıbbi Görüntüleme Teknikeri | L54: 39511 | M54: 867040003
A55: 24637635220 | B55: İbrahim halil akkış | C55: ibrahimakkis@gmail.com | D55: https://drive.google.com/open?id=1i50M9CDM-4nquSrWoMUEXMODBLExa8St | E55: Doktor | F55: Asistan doktor | G55: Kemal | H55: Tarsus | I55: 35295 | J55: İstanbul üniversitesi | K55: Cerrahpaşa tıp fakültesi | L55: 44400 | M55: DR243724
A56: 33242241696 | B56: ilker baki sönmez | C56: ilker_baki@hotmail.com | D56: https://drive.google.com/open?id=1o_rBRikE2S0VuaJjEhmRb6atlkdighiw | E56: Radyoloji teknisyeni | F56: Radyoloji teknisyeni | G56: Veli | I56: 36307 | J56: Lise | K56: Sağ. Hiz. Mes. YO Radyoloji Bölümü | L56: 42736
A57: 15095653802 | B57: İlknur Akgünlü | C57: iakgunlu@yahoo.com | D57: https://Doktorive.google.com/open?id=1HgratoW0dV8iZZu4mETbtGzJSTJOxxej | E57: Sağlık Teknikeri | F57: Sağlık teknikeri | G57: İsmail | I57: 28739 | J57: İstanbul üniversitesi | K57: Sağ. Hiz. Mes. YO Radyoloji Bölümü | L57: 35692 | M57: 853
A58: 12106428138 | B58: İlyas özkazanç | C58: ilyasozkazanc0@gmail.com | D58: https://Doktorive.google.com/open?id=13IVY9SRVivkfkkpk_MmKzkabe9wjInj8 | E58: Radyoloji Teknisyeni | F58: Radyoloji Teknisyeni | G58: Aziz | H58: Adıyaman | I58: 36192 | J58: Ortaöğretim (meslek lisesi) | K58: Cazsrvivkfkkpk_mmkzkabehpaşa tıp fakültesi | L58: 42736
A59: 11828330422 | B59: İsmail Sarıgüzel | C59: i.sariguzel@hotmail.com | D59: https://drive.google.com/open?id=1ia5F0C9o9hsjlnggbRXKBzwDpbQ04X5o | E59: Sağlık hizmetleri laborant | F59: Radyoloji tekn. | G59: Süleyman | H59: Düzce | I59: 26726 | J59: Bakırköy sağlık meslek lisesi | K59: Radyoloji Bölümü | L59: 35796
A60: 15311539446 | B60: KaDoktoriye Karaca | C60: kaDoktoriyekrc1453@gmail.com | D60: https://Doktorive.google.com/open?id=120VKpDAz4HMffgBmGZGCOl_nYiAV6iD1 | E60: Sağlık Teknikeri | F60: Radyoloji Teknikeri | G60: İzzet | H60: Karamürsel | I60: 28834 | J60: İstanbul üniversitesi | K60: Cerrahpaşa Sağ. Hiz. Mes. YO Radyoloji Bölümü | L60: 35944 | M60: 421
A61: 22121568030 | B61: Kadriye Yılmaz | C61: kadrye_keles@hotmail.com | D61: https://drive.google.com/open?id=1lmYAm_Zp_W3jzhRvldY0xVlwHuAXkqzA | E61: Radyoloji teknisyeni | F61: Radyoloji teknisyeni | G61: Reşat | H61: Kocaali | I61: 32806 | J61: Şişli saglık meslek lisesi | K61: Sağ. Hiz. Mes. YO Radyoloji Bölümü | L61: 39612 | M61: 78
A62: 40522140952 | B62: Kemal Altay | C62: kemalty16@gmail.com | D62: https://Doktorive.google.com/open?id=1qz9RoqB0RgpcZvXSA3XICUyKHypAoLls | E62: Asistan Doktor | F62: Doktor | G62: Ercan | H62: Osmangazi | I62: 35255 | J62: İ.Ü Cerrahpaşa Tıp Fakültesi | K62: Cerrahpaşa tıp fakültesi | L62: 44075 | M62: 15951
A63: 10284016888 | B63: Kübra gültaş | C63: kubra_gmusss@hotmail.com | D63: https://Doktorive.google.com/open?id=18CPkOhhhQw2jphI8S5ojnIukyp73e2a5 | E63: Radyoloji Teknikeri | F63: Radyoloji teknikeri | G63: Ahmet | H63: İstanbul | I63: 35648 | J63: Acıbadem Üniversitesi | K63: Sağ. Hiz. Mes. YO Tıbbi Görüntüleme Teknikeri | L63: 43251 | M63: 20170727007
A64: 11387331502 | B64: MEHMET BARBUROĞLU | C64: barburmehmet@gmail.com | D64: https://drive.google.com/open?id=15vo1Pr8umv5bESdjbGUkUo7UaUXmanVs | E64: DR. ÖĞRETİM ÜYESİ | F64: TIP DOKTORU | G64: HİKMET | H64: ANTAKYA | I64: 30748 | J64: CERRAHPAŞA TIP FAKÜLTESİ | K64: Cerrahpaşa tıp fakültesi | L64: 40020 | M64: 12376 | N64: 17.02.2015 - 114563
A65: 17726816020 | B65: Mehmet GÜR | C65: mehmetgur3@hotmail.com | D65: https://drive.google.com/open?id=16kQvVe-b-VPXxu6HZESNW8tpd1-L9yzC | E65: Hekim | F65: Asistan Doktor | G65: Mehmet Gür | I65: 33639 | J65: İstanbul üniversitesi | K65: Cerrahpaşa tıp fakültesi | L65: 42923 | M65: 14838
A66: 19640207694 | B66: Mehmet küskü | C66: mehmetkusku@yahoo.com | D66: https://Doktorive.google.com/open?id=1N7iXw6R0B9pNtlkjxoBfXAfxCtkCtTwo | E66: Sağlık Teknikeri | F66: Radyoloji teknikeri | G66: Yüsüf | H66: İstanbul | I66: 26458 | J66: İstanbul üniversitesi | K66: Sağ. Hiz. Mes. YO Radyoloji Bölümü | L66: 36917
A67: 41920082950 | B67: MEHMET YILDIZ | C67: myldz.1995@gmail.com | D67: https://Doktorive.google.com/open?id=1xsXJUZhCOmuI83F27nmZI-b6cUPTHJf_ | E67: Doktor | F67: Araştırma görevlisi | G67: Mahmut | H67: DİYARBAKIR | I67: 34915 | J67: İstanbul üniversitesi | K67: İstanbul Tıp Fakültesi | L67: 43653 | N67: -
A68: 19091230050 | B68: Melek Ünal Öneş | C68: melekunal_1981@hotmail.com | D68: https://Doktorive.google.com/open?id=1_sCioncERwPwdqLFm5mtOy9iMEXzfKM7 | E68: Sağlık Teknikeri | F68: Radyoloji teknikeri | G68: Necip | H68: İstanbul | I68: 29653 | J68: Kadir Has üniversitesi | K68: Sağ. Hiz. Mes. YO Tıbbi Görüntüleme Teknikeri | L68: 37785 | M68: 138
A69: 37921103466 | B69: Meliha Sultan Özenç | C69: melihasultanozenc@gmail.com | D69: https://drive.google.com/open?id=1YFDMGFe_pZkm3XN-VbjIzB3SpVuT80wB | E69: Sağlık Teknikeri | F69: Radyoloji Teknikeri | G69: Günay Lütfi | H69: Ankara | I69: 32691 | J69: Başkent Üniversitesi | K69: Adana Sağ. Hiz. Mes. YO | L69: 40354 | M69: 2105441556
A70: 30721987816 | B70: Menduh Dursun | C70: memduhdursun1@gmail.com | D70: https://drive.google.com/open?id=1oViTwiV3sOPp52vp3klUOslN23XcBc9J | E70: Profesör | F70: Doktor | G70: Kazim | H70: Kayseri | I70: 27870 | J70: İstanbul üniversitesi | K70: Tıp Fakültesi | L70: 36455 | M70: 24294/27262 | N70: 07.04.2004 73853/100979
A71: 13748460722 | B71: Merve Gülbiz Dagoglu Kartal | C71: drmgkartal@gmail.com | D71: https://drive.google.com/open?id=1oEZq-PiMXHopzLLXsPl42-dkrJrs5oXO | E71: Doc. Dr, | F71: Ogretim Uyesi | G71: Temel | H71: Istanbul | I71: 29294 | J71: Hacettepe Universitesi | K71: Tıp Fakültesi | L71: 38168 | M71: 118867 | N71: 27/09/2010 87090
A72: 48055109934 | B72: Mesut | C72: mesutozbek1071@gmail.com | D72: https://Doktorive.google.com/open?id=1NI70mc7BgbTun8FBWYUVetTqZiuUypTn | E72: Radyoloji Teknikeri | F72: Radyoloji Teknikeri | G72: Hayrullah | H72: Hatay | I72: 35859 | J72: Biruni Üniversitesi | K72: Sağ. Hiz. Mes. YO Tıbbi Görüntüleme Teknikeri | L72: 44761 | M72: 22.0738/04953
A73: 60238234356 | B73: MESUT BULAKÇI | C73: mbulakci@istanbul.edu.tr | D73: https://drive.google.com/open?id=14s4GvIiau2rAi3MYPF3w3N7t-OsvpVl4 | E73: DOÇ.DR. | F73: RADYOLOJİ UZMANI | G73: MAHMUT | I73: 30072 | J73: İstanbul üniversitesi | K73: Tıp Fakültesi | L73: 39220 | M73: 26256/29724
A74: 46462362676 | B74: Muhammet Tonkal | C74: muhammet_tonkal@hotmail.com | D74: https://drive.google.com/open?id=1HHlNdt-eGMVp4tQMHBrEzZM9e8slqifO | E74: Radyoloji Teknikeri | F74: Radyoloji Teknikeri | G74: Mustafa | H74: İstanbul | I74: 31778 | J74: Marmara üniversitesi | K74: Sağ. Hiz. Mes. YO Radyoloji Bölümü | L74: 41367 | M74: 65305
A75: 11437413172 | B75: Murat Yılmaz | C75: radyolog01@hotmail.com | D75: https://drive.google.com/open?id=1KxljwqIxgRvnvaBQNHwFya7bIXFkNi_w | E75: Radyoloji teknikeri | F75: Tekniker | G75: Bilal | H75: Yüreğir | I75: 31048 | J75: YÜZÜNCÜ YIL ÜNİVERSİTESİ | K75: Van Sağ. Hiz. Mes. YO Radyoloji Bölümü | L75: 39981 | M75: 265
A76: 50575679194 | B76: Mustafa Durmaz | C76: mdurmaz95@gmail.com | D76: https://Doktorive.google.com/open?id=11F1kGtroTM5aD24lc86Z_njWgDoktorcWTCQ | E76: Doktor. Araştırma Görevlisi | F76: Araştırma Görevlisi | G76: Mürsel | H76: İstanbul | I76: 35054 | J76: İstanbul üniversitesi | K76: Cerrahpaşa tıp fakültesi | L76: 43651 | M76: Cİ-1837
A77: 49576376782 | B77: Mustafa özen | C77: mustafaozen_1907@hotmail.com | D77: https://drive.google.com/open?id=1339jwk2SGjNoymzeOIkeDCp76J4KK1jM | E77: SAĞLIK TEKNİKERİ | F77: Radyoloji teknikeri (emar da calisiyorum) | G77: Ali | H77: İstanbul | I77: 31778 | J77: İstanbul bilim üniversitesi | K77: Sağ. Hiz. Mes. YO Tıbbi Görüntüleme Teknikeri | L77: 39611 | M77: 50
A78: 15373810378 | B78: Mücahit Mustafa Karabulut | C78: mcmkarabulut@gmail.com | D78: https://Doktorive.google.com/open?id=18NeD_6JMlPQR3df4p2qTp6hDnte3DSW7 | E78: Asistan Doktor | F78: Araştırma Görevlisi | G78: İbrahim | H78: Bursa | I78: 34761 | J78: İstanbul üniversitesi | K78: Cerrahpaşa tıp fakültesi | L78: 43668
A79: 25300814430 | B79: Nazlı Hilal YANIK | C79: nhyanik@gmail.com | D79: https://Doktorive.google.com/open?id=1neS1ex-TmXfCSpMnQlonRYz0ILMfiUtC | E79: Röntgen Teknisyeni | F79: Radyoloji Teknikeri | G79: Sinan | H79: İstanbul | I79: 34516 | J79: Bezmialem Vakıf Üniversitesi | K79: Sağ. Hiz. Mes. YO Tıbbi Görüntüleme Teknikeri | L79: 42292 | M79: 150101
A80: 44626390992 | B80: Nebiye Serra Sencer | C80: serrasencer@gmail.com | D80: https://drive.google.com/open?id=1ZTpFJGQJKZ7fzPKL3JQhJERWI5H70Pfm | E80: Profesör Doktor | F80: Radyoloji A.D ve Nöroradyoloji B. D öğretim üyesi | G80: İbrahim Tarık | H80: İstanbul | I80: 25315 | J80: İstanbul üniversitesi | K80: İstanbul Tıp Fakültesi | L80: 34151 | M80: 21722-25190 | N80: 15.05.1997,
A81: 17930262606 | B81: Nermin Eyüpoğlu | C81: nermineyupoglu@hotmail.com | D81: https://drive.google.com/open?id=12GGOKPsxIBfg2rfN0nFDmKAYztKRieQA | E81: Sağlık teknikeri | F81: Radyoloji teknikeri | G81: Necmettin | H81: Bulgaristan | I81: 26299 | J81: Aydın Üniversitesi | K81: Sağ. Hiz. Mes. YO Tıbbi Görüntüleme Teknikeri | L81: 42005 | M81: 201550070184 | N81: Yok
A82: 25333965444 | B82: Nesrin Binay | C82: nesrinsarica@hotmail.com | D82: https://drive.google.com/open?id=1a67Qx6oTSUhm6jSiIS9btobDwcdGpJLT | E82: Tekniker | F82: Sağlık teknikeri | G82: Habil | H82: İstanbul | I82: 30057 | J82: İstanbul üniversitesi | K82: Sağ. Hiz. Mes. YO Radyoloji Bölümü | L82: 37257
A83: 24547704474 | B83: Nida karaca | C83: nu_pelda42@hotmail.com | D83: https://drive.google.com/open?id=1W09NscNYxpHSLmLpG5R2H6Nk2KnQzXot | E83: Radyoloji teknikeri | F83: Sağlık teknikeri | G83: Feyzi | H83: Elazığ | I83: 30377 | J83: Firat üniversitesi | K83: Sağ. Hiz. Mes. YO Radyoloji Bölümü | L83: 38544
A84: 99191821662 | B84: Nilufar Gasimli | C84: nilufar.gasimli@istanbul.edu.tr | D84: https://drive.google.com/open?id=1gvL8R--qAZ078rnH8XVq713_QedGgLR9 | E84: Tipta uzmanlik oggencisi | F84: Doktor | G84: Abbas | H84: Nahcivan | I84: 34127 | J84: Azerbaycan Tip Universitesi | K84: Tıp Fakültesi | L84: 42542 | M84: 2410
A85: 43702132068 | B85: Ömer demir | C85: omer337667@gmail.com | D85: https://drive.google.com/open?id=11qCgonKE0sAE_CkElF-wYRqdvL6mtAuK | E85: radyoloji teknikeri | F85: acil bt teknikeri | G85: gürbüz | H85: İstanbul | I85: 32143 | J85: İstanbul bilim üniversitesi radyoloji | K85: Sağ. Hiz. Mes. YO Tıbbi Görüntüleme Teknikeri | L85: 07.07.2010/093 | M85: 93
A86: 40942356902 | B86: Önder Babacan | C86: babacanonder@gmail.com | D86: https://Doktorive.google.com/open?id=1RKYCX9plE31vpmt8hjZhVD_vthP7FAxd | E86: Asistan Doktor | F86: Asistan Doktor | G86: Mehmet | H86: Hatay | I86: 34508 | J86: Hatay Mustafa Kemal üniversitesi | K86: Tıp Fakültesi | L86: 29.06.2018-0666 | M86: 666
A87: 47110171046 | B87: Öykü ikizgül | C87: oykuikizgul@icloud.com | D87: https://Doktorive.google.com/open?id=1flbX9E0T7WJ_G9TKAHeXi1iIwa9tCklY | E87: Tıpta Uzmanlık Öğrencisi | F87: Asistan doktor | G87: Murat | I87: 35331 | J87: Bahçeşehir universitesi | K87: Tıp Fakültesi | L87: 05/07/2021 233161 | M87: 2331661
A88: 17512109152 | B88: Özlem Buruc Kuş | C88: ozlemb_kus@hotmail.com | D88: https://drive.google.com/open?id=1GS4z7qV349sM3tzRCFUDjFEz4UufV6r1 | E88: Tıpta uzmanlık öğrencisi | F88: Tıpta uzmanlık öğrencisi | G88: Halil İBrahim | H88: Erzurum | I88: 34700 | J88: İstanbul üniversitesi | K88: İstanbul Tıp Fakflltesi | L88: 07/07/2019. 31474/34942 | M88: 31474/34942
A89: 31021518472 | B89: Özlem Demirbüken | C89: ozlemkayademirbuken@hotmail.com | D89: https://drive.google.com/open?id=1iKJNDsnmu8c8OUx_4h-oz7Gj67aIVNdx | E89: Radyoloji teknikeri | F89: Tomografi tekniker | G89: Murat | H89: Erzincan | I89: 28338 | J89: Marmara üniversitesi | K89: Haydar paşa Sağ. Hiz. Mes. YO Radyoloji Bölümü | L89: 1996
A90: 11086810612 | B90: Ramazan Nazlım | C90: ramazannazlim72@gmail.com | D90: https://drive.google.com/open?id=1aQwF-WizLBMVr68YMvKJ7t85cUoYJlVA | E90: Radyoloji Teknikeri | F90: Ortopedi Röntgen | G90: Selahattin | H90: Savaştepe | I90: 26299 | J90: Trakya Üniversitesi | K90: Sağ. Hiz. Mes. YO Radyoloji Bölümü | L90: 16061994
A91: 48949606938 | B91: Ravza yılmaz | C91: ravzaylmz@gmail.com | D91: https://drive.google.com/open?id=1m0RVy7QZcHGR5xLDTFcY1UwJOokBmYzw | E91: Doçent doktor | F91: öğretim üyesi | G91: Mehmet | I91: 29223 | J91: Erciyes üniversitesi | K91: Tıp Fakültesi | L91: 30.06.2004-3336 | M91: 336 | N91: 12.11.2011-97346
A92: 10360622910 | B92: Resul Usul | C92: kutupyildizi034@hotmail.com | D92: https://Doktorive.google.com/open?id=1fffW1-jiIjckyE3VqhBaJjOT7DYG-6u4 | E92: Radyoloji Teknikeri | F92: Radyoloji Teknikeri | G92: Hüseyin | I92: 25964 | J92: Trakya üniversitesi | K92: Sağ. Hiz. Mes. YO Radyoloji Bölümü | L92: 10/09/1992. 583 | M92: 583
A93: 99892297612 | B93: Ruslan Mammadzada | C93: ruslan.mammadzada@istanbul.edu.tr | D93: https://drive.google.com/open?id=1zMFw_PBFrjWJGbAkDm02k0nlRpGiyfTV | E93: Araştırma görevlisi | F93: Asistan Dr. | G93: Abuzer | H93: Zerdab | I93: 34362 | J93: İstanbul üniversitesi | K93: Cerrahpaşa tıp fakültesi | L93: 01.08.2017/ diploma numarası:Cİ-1634 tescil numarası:706557 | M93: Cİ-1634 | N93: 706557
A94: 32042074596 | B94: Sadık Özlem | C94: sadikozlem@gmail.com | D94: https://Doktorive.google.com/open?id=11Fz_MPN1EZZ0FvbDHQoDsbCbjG0MnWLY | E94: Sağlık Teknikeri | F94: Radyoloji Teknikeri | G94: Alaattin | H94: Bulgaristan | J94: İstanbul üniversitesi | K94: Sağ. Hiz. Mes. YO Radyoloji Bölümü | L94: 16.05.2003 - 537 | M94: 537
A95: 99961505396 | B95: Sahib Alizada | C95: sahib.alizade.12@gnail.com | D95: https://drive.google.com/open?id=12vxWt4cYNPWQeb9L3hZDgznPnQSr9qS2 | E95: Tıpda uzmanlık öğrencisi | F95: Asistan | G95: Rahman | H95: Azerbaycan | I95: 35788 | J95: İstanbul üniversitesi cerrahpaşa | K95: Cerrahpaşa tıp fakültesi | L95: 01.10.2021 Cİ-110 | M95: Cİ-110
A96: 38447209366 | B96: Sedat Önel | C96: sdt_onll@hotmail.com | D96: https://Doktorive.google.com/open?id=1abML9Om6W1Wc57bhovPrVej12BlcpB9O | E96: Radyoloji Teknikeri | F96: Ameliyatta Skopi ve röntgen teknikerliği | G96: Kenan | I96: 32242 | J96: Van yüzüncüyıl üniversitesi | K96: Sağ. Hiz. Mes. YO Radyoloji Bölümü | L96: 07:04/2012. No. 291 | M96: 291
A97: 19051885108 | B97: Selahattin Durmaz | C97: drselahattindurmaz@gmail.com | D97: https://drive.google.com/open?id=1X75B9lZbv14Tj5VL00fhIb03Zi72LK-G | E97: Araştırma Görevlisi | F97: Asistan doktor | G97: Erdoğan | H97: Elazığ | I97: 34220 | J97: İstanbul üniversitesi | K97: Cerrahpaşa tıp fakültesi | L97: 07.07.2017/ 15013 | M97: 15013
A98: 42517767694 | B98: Selin Dal | C98: sselin.ddal@gmail.com | D98: https://Doktorive.google.com/open?id=1bxdmTR94ohzVWebgI9-tSBeUq9_W4h8_ | E98: Radyoloji Teknisyeni | F98: Acil Tomografi Teknisyeni | G98: Ahmet | H98: İstanbul | I98: 34864 | J98: Haydarpaşa Bülent Akarcalı Sağlık Meslek Lisesi | L98: 14.06.2013/ 2149 | M98: 2149
A99: 58747256396 | B99: Serkan hacimustafaoglu | C99: serkanrad@hotmail.com | D99: https://drive.google.com/open?id=1wutXkLcC_BtrKuY4sJ79wjr8mHqaBnF6 | E99: Saglik teknikeri | F99: Radyoloji teknikeri | G99: Mehmet talat | H99: Kiziltepe | I99: 30479 | J99: Trakya universitesi | K99: Sağ. Hiz. Mes. YO Radyoloji Bölümü | L99: 21.08.2007/3388 | M99: 3388
A100: 23338826050 | B100: Sevim Dilber | C100: sevim.dilber@hotmail.com | D100: https://Doktorive.google.com/open?id=15dF5DyT21LaNJJXjN1ZctlOxeIBuO4MQ | E100: Sağlık Teknikeri | F100: Radyoloji Teknikeri | G100: Selim | H100: Almanya | I100: 27121 | J100: Osmangazi Üniversitesi | K100: Sağ. Hiz. Mes. YO Radyoloji Bölümü | L100: 26.06.1995 No:0169 | M100: 169
...

Sheet denem2
A1: T.C. Kimlik No | B1: Çalışanın Adı Soyadı | C1: Kadro Ünvanı | D1: Kadronuzun Bulunduğu Bölüm / ABD | E1: Görev Yeri | F1: Sicil No | G1: Memuriyet Başlama Tarihi:
A2: 27274354172 | B2: Abidin önder dönmez | C2: Sağlık teknikeri | D2: Radyodagnostik ABD | E2: Radyoloji ABD | F2: 4209-5297 | G2: 34701
A3: 19645682168 | B3: Ahmet Yılmaz | C3: Laborant | D3: Çocuk hastalıkları | E3: Acil röntgen | F3: 4149-7113 | G3: 35100
A4: 16499844230 | B4: Ali ozan malkoç | C4: Sağlık teknikeri radyoloji | D4: Radyoloji Anabilim dali | E4: Acil cerrahi rontgen | F4: 4209-7268 | G4: 40545
A5: 19277490100 | B5: Arzu Aksüt | C5: Sağlık teknisyeni | D5: Sağlık kültür spor daire başkanlığı | E5: İtf semt polikliniği | F5: 4200/2371 | G5: 35170
A6: 25364482644 | B6: Arzu Çelik | C6: Sağlık Teknikeri | D6: Mr Bölümü / Radyoloji ABD | E6: İSTANBUL TIP FAKÜLTESİ | F6: 4209-7299 | G6: 41562
A7: 21521659898 | B7: Arzu Şahin | C7: Sağlık Teknikeri | D7: Radyoloji ABD | E7: Radyoloji | F7: 4209-7346 | G7: 41562
A8: 67864076688 | B8: Ayhan Arslanoğlu | C8: Sağlık Teknikeri | D8: RADYODİAĞNOSTİK ABD | E8: Radyoloji Ana Bilim Dalı | F8: 4209-6130 | G8: 37937
A9: 20485675074 | B9: Berna Tomaç | C9: Sağlık Teknikeri | D9: Radyoloji Ana Bilim Dalı | E9: Radyoloji | F9: 4209-7289 | G9: 40910
A10: 18163287602 | B10: Bilal Karavil | C10: Diğer Sağlık Personeli | D10: Radyoloji | E10: Acil Röntgen | F10: SZ-3029 | G10: 44075
A11: 13352305068 | B11: Burak şan | C11: Sağlık teknikeri | D11: Radyoloji | E11: Acil röntgen | F11: SZ-3455 | G11: 44760
A12: 13117894240 | B12: Caner Varol | C12: SAĞLIK TEKNİKERİ | D12: RADYOLOJİ A.B.D | E12: İSTANBUL TIP FAKÜLTESİ BT-1 | F12: SZ-3481 | G12: 44789
A13: 60142116854 | B13: Cem Kara | C13: Sağlık Teknikeri | D13: Radyoloji ABD. | E13: Acil Tomografi | F13: 4209-6919 | G13: 35745
... A63: 21413501298 | B63: Yasa alp | C63: Sağlık teknikeri | D63: Radyoloji | E63: Radyoloji | F63: 4209-6797 | G63: 40168
